-319033
527686
-495750
-874620
-11905
-854546
-795078
-331388
442530
723161
-746501
347125
-359539
-888790
837486
562919
-444715
798691
334798
-264714
190453
246188
436578
-920020
965024
316739
-680545
-888333
-339915
-842623
725354
667957
751313
-355579
298874
-234350
665598
-645633
199772
-846787
-536184
-530789
461072
609652
-870032
412551
-534831
111258
-706694
-897117
-808590
639730
19041
591045
-621852
850938
455467
363173
-747820
373730
208023
-2452
-171919
291751
424242
688596
-998069
157393
-968440
818811
-105257
-61115
593784
-27958
-977777
948167
-351711
-406916
272566
708880
-215816
138574
-591431
61064
302332
954050
903089
-496991
584448
-886129
531078
12240
-960473
211112
34221
898856
-34449
-891161
285585
690068
507364
185558
353808
661552
-509452
662810
-60772
-889147
938595
364029
114306
-629153
302037
-166250
652999
-572019
-397560
80023
-282706
363445
-409563
-310477
395223
586897
-715349
-432470
448513
-741046
102539
226930
374768
-376401
693971
164099
-2326
558610
-81662
-944192
557147
860607
631674
-153987
-435048
701850
346899
210609
553920
693588
648779
-680135
945983
-946743
136220
-376250
-593812
-346118
451046
-376219
950866
178850
-654324
-669527
91148
-432393
130075
390647
-650422
-314882
-37980
-300690
-883472
-764021
-562390
-547599
-468259
941652
155319
-906542
482633
-655951
-218743
977692
-985145
-512013
962794
-674947
695914
128478
322205
790478
289540
257604
-556300
-695871
516361
418751
-758657
599206
774675
-999670
-509602
-26918
33791
-650628
447672
-906548
-219980
312867
51780
-28627
-857596
147577
939140
-549580
-349526
-34363
15762
-161909
-350349
-885615
-417901
-599591
-460294
-414012
-671544
-262547
362252
-410789
320707
743428
-626902
-391480
-488010
-140105
102060
-699161
-744473
123012
727682
-70759
-61249
979446
-34794
-796801
-62590
-974476
-349491
-196907
-50406
933540
-423507
562920
-756
-772998
22041
-89931
258572
-428703
280503
562464
-947413
-705276
-2574
-907826
648750
-821831
-580325
498335
-196869
638730
505130
359115
-372435
420322
187939
213528
-711226
922193
-30572
-260427
-961020
-470020
847674
-953929
239052
292644
-380604
-548307
-998077
704465
173615
936417
-866436
105626
-190640
-157138
-948661
-244076
271856
224377
13240
492117
-650351
-603443
144399
116900
-780849
410135
-621419
88766
-589470
45178
17109
378951
-624704
195920
333720
192332
520799
-905025
667890
-279311
150936
212083
371577
-550596
575271
222845
-116719
-548612
-874417
-456248
564835
652119
-218341
-126797
73324
141807
816062
-584496
701745
-821839
666140
-760135
-711663
-336198
755042
-643958
-285005
256229
847183
-704898
996637
-136715
-801386
-479447
-569370
461404
-597156
306127
-589820
-172506
257500
424928
618687
794885
500906
226833
292679
-556551
-29675
-438632
-645536
730524
-519515
837636
2363
796295
-381501
-649802
-30111
-288796
286200
222336
-87352
-91886
-119858
-839080
-331512
469230
-783405
515640
461607
-974140
-603077
398742
-477680
796114
-255579
-372997
781219
-151179
-395914
823491
620646
-302605
160738
-331536
-300968
-807580
-899575
77482
61158
164925
-907587
759127
535287
120698
299874
-374445
841890
110184
321647
-323636
47103
811020
936465
169149
497819
-197581
-217362
824709
-829563
930200
942086
500259
911237
42283
-821962
-611055
-897939
-368508
162775
-455111
336135
-427420
449411
732440
871853
-437405
31735
240110
-866312
-146116
-555244
742559
475664
297777
-711424
-656982
-527453
-147556
295529
591811
-888079
764948
275818
220302
700163
133688
-301562
-109190
-385797
-758373
-515375
857144
-934265
526156
-639187
-131625
368
161792
925362
3454
14799
377566
-391129
-386107
-534178
430567
-321107
-240848
-368916
-988415
-531332
270024
711018
591902
887364
-371496
264099
-556531
589365
-487359
412297
-29603
-340198
578554
-358998
-424598
903200
-403544
-999742
-514811
-704331
944214
-120983
-816956
-129524
789201
340973
-854045
249020
-743517
-242758
-427179
-998008
-345046
-708106
844523
-700102
237524
-417623
-740320
-545880
633081
-788966
165502
476760
84820
299829
871345
877120
-423777
-208985
-175833
-559194
709963
-69108
746208
406822
239961
-850112
123607
-18350
-376744
-88238
-745203
773107
728059
876055
-984786
236910
-297002
909914
384610
592834
1845
-275279
-228557
506158
868633
707435
259734
983535
-926512
202405
949528
739751
-392400
75388
-189914
-534054
343407
519644
-616071
-130287
469026
-910601
498716
962337
-629168
246994
-521829
875398
-833869
-489735
-701750
475112
583050
-300333
956335
352448
-393699
870800
-753907
202132
-555569
567102
277646
783966
425433
348027
210444
699275
-801111
753861
-525829
555039
761302
22381
697079
-749451
861502
-75477
110694
905892
438206
676170
-693046
-762754
456461
742660
-481754
-433998
858037
390504
-7543
-76015
-465233
-36873
575163
415725
320923
-555057
-56957
742557
520217
-722177
-113261
-788962
866759
799737
-380654
60500
-64297
176165
-94268
722926
-133045
-253294
157527
527591
-638128
589255
-925492
317352
-921675
-789960
-526849
638922
317574
946004
173013
22522
646729
-690245
-883710
-689802
-670508
-220147
164084
-268621
-390071
600286
-812320
354593
-468432
454597
-682521
69510
-471505
91796
-912540
23687
-665880
-250078
677717
-235322
-903569
571715
407523
828196
-651930
-520231
137231
385319
783928
173188
-756357
-913033
-674962
215924
719443
-222845
-549071
-78624
449622
-523839
-868515
-775025
-336379
-220654
-513347
-553836
987750
-735165
850409
-371305
-399755
-431056
-543943
51789
-779096
575363
-706459
-576887
-952802
782874
-864453
427500
-127645
-644857
952699
-973127
-753950
-288208
-802990
-758589
-517400
-969193
886385
-69113
-288432
874933
-491318
726998
-194351
-941697
617319
954283
-905504
684042
-160409
-746853
-766525
800714
992789
83562
-302028
-931850
-905434
-857031
101038
262408
634895
669789
-445225
-318112
702337
243532
-602743
-737784
-859518
-715215
-678658
377874
881065
364575
-292840
331806
-97162
200033
805323
261880
-328373
-488208
40872
-335138
656139
-124162
-720762
-933794
884814
-900945
-50097
47198
-649794
460135
-712348
782006
-251247
-526914
370734
-401161
385699
533520
-629438
926031
518191
854962
-585936
-989436
57130
381759
-809111
865182
-545732
457104
-524470
144930
816987
80969
190921
460536
-270842
6672
-543685
68334
-727396
80857
-907457
-732715
333014
105309
615243
596937
-867097
342697
88913
-897137
720175
505555
300685
791575
-68842
680903
-437010
-721120
-267381
840639
-691170
845306
71065
193233
204592
-64537
-109405
565282
-631707
792091
728508
16696
-162789
-182685
-864987
532334
-878125
-461854
-885276
-121856
772829
-877323
903421
-597306
-785758
-443080
-417840
-390914
-896882
596514
-756978
931266
50328
-666164
698073
400536
-738449
806991
589688
-190808
-632894
-30902
762548
-377208
121004
-472317
941522
674868
110779
-962139
-111188
153369
876956
-320985
202350
506704
22244
4429
-123030
997992
-371203
-545720
756889
-370212
-61269
843385
-674257
38179
-768838
40532
-205095
-645913
985926
350431
537494
634829
-108633
-276136
-781777
-435853
-612617
660982
1620
90488
-546880
83528
240085
452660
850759
629946
-134150
367112
688495
540087
558207
-595375
128076
400744
-843857
-242186
-857659
-955495
340251
-230751
-458779
560829
277495
-202869
-223810
-915448
-428142
583151
855930
130234
192881
-250976
96895
-817540
253959
576694
49726
-236574
-462190
247652
923161
184849
-768876
404837
516591
-64646
-830996
-264811
924357
47044
-535151
46236
694802
-358072
-372756
350533
651815
-314570
-475825
625261
-93639
574549
454933
849942
561804
-887321
-773546
-482789
-20034
-945238
-620857
916990
854446
261499
917677
-514595
607239
-799082
-661764
-988668
235245
-333192
614416
-937573
675778
-25371
5383
834432
861461
-745722
528825
-185936
122023
337322
-416299
918494
-504420
-877267
116249
-860250
363707
-568330
797101
991195
-576798
780697
918301
606076
821641
-323170
-76431
290758
701424
-514855
-688149
75619
-546712
133112
-658851
-414912
636603
346523
-150876
-859396
-368198
-789731
-644411
722300
-672287
880626
898466
618523
-477784
56361
-202280
977151
-176151
-885616
-106696
-373881
-834200
-37642
-773663
-447008
-304124
-507765
-390153
442423
732665
-463772
870658
548104
234192
-718821
-804891
-821867
-118812
907028
555768
-606349
730001
362970
-229563
-485442
-823046
336039
-340388
-349971
-780169
-83966
792659
407232
-232550
405379
453086
539350
-341668
-112590
678023
687835
-712087
-518514
-134518
917982
-788603
899113
705103
714304
-854119
-37648
854404
-185656
842846
198153
-251562
-597036
-862171
-813099
-752563
-93269
-761408
-585963
386754
-622227
445073
387368
461565
-12373
823213
786162
553839
282259
601259
-23591
-291704
-38972
514319
-271127
-313418
-506432
-633778
609431
-883972
-380673
427390
525475
782762
300576
587676
-837354
321343
542779
282233
656491
107223
888785
-433215
261194
-836398
323813
-379607
346735
929924
-583132
-997451
-465750
-870254
-269249
540707
909439
-331153
295258
-857609
-557459
138611
528284
332452
890060
296469
-939033
155732
-941489
-481211
-691039
166740
678186
-125719
-968655
-575457
461517
-673295
650758
869254
221645
588825
904657
-531464
-716572
210619
-582445
-819852
-93937
-686898
219984
697608
-203819
662271
263331
501764
653736
405994
-717589
-314560
92388
365045
-494109
-906745
684404
-700471
180304
-69089
882452
-902034
30355
161910
461489
-511358
-50978
438379
-154900
963478
-343677
279221
179261
19877
213608
-481548
491316
3890
-107241
616146
376283
-114435
536050
-692394
947000
472417
440068
-84795
91503
391629
130162
314805
-768381
-753187
160784
-345809
260029
914324
-667633
-161920
204325
810424
468309
-497636
-483923
-991669
-586011
-233040
363502
281505
-886275
439491
294409
-219229
139711
-955640
-578128
120990
-262009
-746174
-350275
-878904
342875
107092
233215
228177
929024
-601372
-364778
-236510
-756695
-460629
-650636
574902
-969909
748509
-652797
-70639
120844
-917585
60005
879072
510041
636169
222039
-37841
-264426
431050
-86353
93505
-863759
876850
873732
-544753
-630448
706929
905580
-937376
-321432
666953
-81184
963329
-508817
-325278
871868
918690
-275991
865322
275427
-402227
621087
-459546
651520
951939
-120273
-60582
999271
229877
-488388
538129
22553
-395684
-386747
-590774
555366
317685
285972
688895
40621
357021
966861
-734445
-752705
-559740
104486
739607
-828318
129425
15669
468281
8177
-709038
768100
1865
996513
-860002
-723966
-757911
9822
743882
63348
-505391
-431020
-844540
964361
-13124
-932215
-80177
-116245
-825485
855847
-727013
-413008
-61452
345048
-164864
-396016
67263
949578
-934121
998450
540988
468690
-545931
-845153
-799540
567340
-998587
-136488
423914
632672
685057
30210
-941314
-878271
-898739
783935
-986434
849936
115056
391705
-539071
815549
54127
915608
-916062
727117
-875960
692467
-229427
559319
-611640
346851
-408727
23848
-832119
720786
-361118
251014
359692
-577869
-153583
-819566
-339857
339499
-22645
-547258
368971
-174612
-622845
616990
-907732
-145309
713949
42836
566446
-376825
-213680
808643
-884560
-831726
-754250
131309
365112
904141
-313357
178072
-525853
-432893
-743808
291603
116615
-464361
-128237
33558
304871
-873166
589421
52551
-537199
768276
514239
136665
542936
657164
-532678
-902961
397546
-675069
-968142
-82465
-663411
255410
-595219
333553
-970758
-772108
-438130
-99770
-85418
395061
-162023
789046
913097
591498
598306
65042
-754627
-990501
152087
-911448
983733
-571333
-360154
-555932
-701625
573400
88268
694803
838200
-700146
-891012
-884285
-334542
-358890
-79384
-488249
911652
220763
-106642
96471
476342
316141
878114
-340269
608744
-116722
136436
228264
94278
258282
247422
809547
-214454
-688796
-560019
491619
728014
93196
598281
731139
102572
-555348
-997918
505365
515444
897282
4889
-271662
124489
751879
358216
938093
-732456
-67474
-529521
-846512
387318
-409944
199228
49789
419541
-63324
-760554
523927
130275
-879211
-939962
270202
-679616
274283
492899
-43260
881753
-802333
-741736
311031
-848858
-390598
9076
729719
-495748
-185603
409166
-403027
-982513
11388
750419
28558
1032
243804
37166
252598
-735681
-996020
33106
-8594
545302
-834992
-189209
365389
443377
157625
884047
308090
554197
50613
847187
61199
-312292
536450
361967
550809
-410926
-326338
-492874
705212
855984
76635
431587
-880525
-424653
204590
-181506
-166666
574167
804006
-534360
773940
-385547
-381927
-666237
952191
189110
971066
-842304
410184
245811
742823
316799
-458581
765727
-669444
-788708
753760
198737
945715
705980
982798
659919
-754637
-469789
-800247
-990686
353632
106464
658930
550391
-418423
647374
-463851
257270
418766
257590
-889374
-169549
-627669
248402
161414
945213
-569819
695405
210982
480468
-333681
-369050
-984520
955577
937209
26707
-30979
821917
57398
-99903
562719
277307
716169
816922
-888989
-384255
925676
488608
33802
60905
411644
-505707
-153014
-934425
787204
947581
-815900
659451
604324
893307
960994
304102
-441443
22232
611695
163449
-258628
-20061
-404270
365576
-80543
-868494
307209
-928770
-243028
834118
-692610
497290
-731453
994573
680424
729720
-471103
229568
705601
272538
131390
949165
164191
557796
-806793
-62129
770738
642840
22170
920153
-718567
831254
251953
715474
775521
417749
-234328
706649
914010
-348689
-99588
-830838
-213736
-60842
866562
654713
-620733
-962908
475090
-323749
682011
-139887
904526
-515131
639629
554494
801746
-464116
865002
-329682
-440198
336587
704330
724372
-537462
-812414
-603140
-329914
978686
-435749
920104
332049
513583
-263031
-341628
665767
-329185
-59191
-159569
266228
-581919
-32118
-79443
289807
418344
128297
-819456
350539
-148118
37717
797663
277868
160304
-899054
-291562
-874122
939133
-212007
931193
-626143
-785320
48988
599430
601450
-56840
-74778
-8938
49859
-93172
-347807
827968
-171029
-831068
-643982
514379
-26536
517055
-873281
-900147
-822704
-457230
177360
215396
-333162
-264911
-387309
119440
846530
623037
-38791
381100
575786
-450774
-226369
-119417
440828
-358388
777415
-191197
613614
-618690
-390876
272137
-28404
-665906
-26571
-155577
-364368
424072
261736
-662904
-486512
771229
199328
-276786
-995343
276336
911025
411342
-970886
287614
-30712
991208
689571
300263
168424
-593215
-543796
-71651
-239281
-646145
46186
-552920
17911
635808
727644
-876781
290552
-193161
-921252
-281481
620938
-259003
-449904
-441951
892265
-118928
-473280
518499
189137
965858
-282077
710900
737065
-732543
177618
-148220
-475076
218310
14046
-94367
886306
28796
-363907
-239553
86077
695063
-558625
-288985
850399
-584145
733215
-882049
120457
-474729
-887723
983602
-441522
720542
316488
-645637
-923433
-866718
-777408
-79661
-865793
-208180
-915206
474741
-436450
-390101
319413
42122
447204
246384
-361750
-303241
-174373
-327932
-945384
-941505
180366
-574142
-906051
678293
781896
-974956
198369
662018
275701
-992979
662219
525487
-666586
418400
-752937
833232
-400592
410780
780512
246829
-922637
126981
80215
714958
239416
797743
604917
-474301
-311884
-930439
-133875
-31859
-664662
263556
-796550
381741
14892
757327
655800
-824378
-839807
87408
346639
-122127
-170974
951537
-154390
420253
37855
-395195
-512570
485793
-900449
-877594
-533306
197472
-697532
-323060
553187
-657128
806061
537483
185152
82119
-735147
-406198
177947
338106
-796904
167643
-42272
-468429
889366
254396
578648
277558
-485712
-431703
-954114
650224
-455504
-735716
953074
-332859
-401915
-802717
657031
860149
241323
-543397
-289161
663017
549801
343118
-640586
-500064
746164
999271
427235
14385
-24335
262478
436699
-421252
-741544
-172956
-945816
-588431
-903372
-243812
-86505
572412
-952249
-288140
-961113
986252
341258
424335
743581
-535617
387857
-978191
582389
285868
-211187
906070
279027
-562740
174060
-91729
-918889
-726011
938779
-588486
-152018
-422315
-35989
-670275
-602491
26775
708625
628190
-298183
180085
-417209
-901470
-162262
-627861
61457
-864768
839694
-846861
641818
567585
44449
-143661
-531523
-997833
254842
53247
-665185
250871
-701191
58668
-612999
2996
-224547
599922
970483
-710758
-686606
-560356
795692
279555
508775
-653808
132438
-51975
806974
-952491
436991
-25911
285532
-596410
-717846
176704
-271424
148306
695067
-647675
660176
-360851
651378
101522
497615
134807
-590737
268881
-181908
531335
-961772
-935089
-167693
385780
481000
-344801
-46554
-427009
130327
205774
-119129
671296
-595145
835070
668940
-578069
228901
824609
-919403
-375521
-634866
-923436
-726023
138955
-103670
246229
-568228
-837699
-639774
-971485
200798
519368
-616334
911281
-609587
-212462
763946
349382
-574982
813816
-664530
919796
49577
962078
-839267
360498
-407518
722198
406255
-2664
-456092
-345557
237688
-81481
223865
-550452
245257
187155
641509
-270320
-142922
569407
-285128
573290
-48207
622867
-801213
279658
483285
915979
286183
141485
-16449
360767
499209
936675
653463
-840453
-973407
376187
72557
-845190
-515342
976109
-580035
-83132
565204
-398045
445077
-928223
785069
195461
559950
-200648
-48002
-71520
-597387
-268343
-872679
234738
-755378
-438012
681585
-576556
956782
774020
185738
-468476
-462201
-994325
56079
349262
-330303
-709222
888066
-86569
41283
-250867
-441843
-277882
257360
-973230
-691848
691984
59534
379044
867892
-854498
160867
-615256
550804
-616804
-756616
-648381
817051
843552
-31137
-814826
-997264
-997259
883281
-630889
-369042
-558140
672144
854477
-563112
804830
144235
6056
580778
-225368
82016
965498
-421878
-809820
417499
-233706
319325
-445032
146973
291076
-675850
612957
692408
-140963
843882
77765
866614
-260407
284799
-872790
694234
-973805
292419
931343
-11906
416102
171704
-393866
-236005
367271
191021
700478
692455
283886
741160
-175051
944921
404257
-232705
-144574
-428728
864687
-665722
-701784
-495247
-217369
-335134
87544
44824
30066
2940
535190
-395899
742131
805009
-213147
-156113
465082
-433945
802322
872119
-554081
341146
305018
-652661
448129
625941
314169
633515
-113317
469916
507984
540296
-628353
115717
226162
-582392
458867
861703
247019
879655
638181
-704342
-829010
-357449
710475
862046
-931847
187848
-949733
856360
-506201
377634
-432732
-193545
56338
-51601
667016
402965
89250
145014
103638
-609479
447479
-920830
-177464
-571591
-783697
-210335
-498794
-906788
-493868
307976
16756
-373427
-892827
398932
-417617
-851796
-618881
-389909
618336
-402625
144296
-458303
-554806
119238
-947912
927670
-740138
610540
-415259
198621
11432
562777
-605847
-33960
-713123
546404
-825774
101215
-341276
65894
-661530
-189217
651382
310442
552240
-61633
638131
-590080
-933717
781757
112346
341617
-718710
449527
498341
-119412
445730
475142
658111
-351009
-407691
-679611
801251
687362
612700
-402897
51218
-7603
903376
-133914
-651152
524329
921301
804176
-920644
665732
-690045
81500
-837142
-953506
-105038
-622493
-247841
60673
-436287
-587735
-288695
-37043
655747
201474
-282984
-940239
-997305
-394863
691996
702006
755459
-918100
231868
-147659
795355
991568
-251479
420437
172800
-426724
-948065
-698671
-210288
-649878
-421814
-501562
-933505
-343229
239539
965697
844346
-315447
639629
-645616
-695346
-986188
-792666
415823
-610650
-845465
550394
87570
-114447
584110
215778
104236
-914526
-531305
103785
958234
-174703
-638102
-499265
-879985
-373441
-492218
667719
-113507
-13386
-400551
614731
-156035
-831089
-385093
-911409
-276997
-828274
-994968
-639485
655233
-841369
760152
-75566
443454
-298716
347837
-901865
-769422
-819810
835544
-451473
-84647
392232
352120
780969
683057
-708020
791697
469722
117226
-778195
604789
618126
474090
682379
-18895
-660327
781305
-613659
-764281
-921589
-718512
-790471
911363
205377
787257
869863
-193988
-27624
-796446
-277708
-325975
-158275
-247868
-86678
-513635
24736
-732117
552860
-405408
-335609
23521
-204666
194924
-437313
-366085
865299
741697
-371219
-860225
818553
-239387
-906110
-55504
415104
811388
894668
831673
963936
912255
-184662
-23438
-824633
-720100
-389800
614673
281593
-915286
-310808
-224528
-106478
691655
-246318
-811082
182503
444945
919458
623141
-733173
-245635
64591
440448
-592147
-702889
-629076
-330601
-418658
-847530
792696
580848
-851791
-532261
-720240
-529644
-560836
942406
468420
205811
931578
724341
-658874
-652940
111634
-154917
-572738
980125
-627981
-312520
369147
-768036
221014
962298
-166843
-99216
773733
-475216
-242482
14071
685306
657319
52806
-68332
893824
530723
-618994
527420
618614
508987
776068
81054
546066
-700078
-517123
207021
-562174
263470
354513
214475
381389
124598
977679
-854125
-216104
-870964
-768687
735171
872325
436805
328875
741957
-459402
-144255
532285
715480
599407
924460
244072
-539169
884570
42384
833693
569158
-640285
941460
397265
342925
-654013
-963500
13581
-50573
804635
-525602
531873
-955201
-144778
-823161
74488
843053
-584847
-867735
260743
-247948
344567
-416390
116704
347248
246180
199753
-602013
-315279
-446389
893655
-931053
888736
-2413
-821489
-515194
-555512
723772
842723
397430
-543928
912127
524933
711670
-155948
-446316
975423
-870466
21859
-404403
45936
-574297
-344967
-798112
-635868
-338638
366097
665410
-526130
-255038
939238
-485714
769444
438890
405854
8644
-456425
-510879
-869356
668367
665326
724242
-234368
-766305
-695426
226256
211397
-157803
28552
758439
152216
-200515
488111
-513074
926664
497173
-70252
-995784
-384019
454380
-374000
-151991
-788431
617702
-366579
-438746
767542
-229348
-290686
-7387
435491
-95904
-669943
90212
399950
595742
127006
-147851
-159609
-593314
-716042
717879
-477569
-827547
-247303
-219712
-678188
309371
659038
177654
768698
-880824
852706
605885
-912057
-683560
765477
708938
914651
671806
-255199
55062
-803159
-919980
-981561
-775185
125927
-678496
736312
467880
-163698
-796846
-446307
587889
772430
916713
568099
-404159
447506
-422922
121494
-955409
-512981
702457
96281
-851615
867099
169703
-893953
82523
-833151
278221
487370
704249
-976228
-696178
54078
-73160
-458883
-212792
-255072
-558418
21838
-774443
992400
840026
264376
-366098
-916352
345750
916726
821993
570064
-833879
-939020
-296541
800392
86265
170147
374776
-339919
-282915
637916
-934417
-293552
-979567
813934
973939
-721280
831810
-447546
-891332
-599381
-435766
-775366
-829107
-879387
-301834
-280078
11798
551653
647938
-240653
-278599
57888
158886
455369
-663
604035
-404023
-335279
354031
-232115
895956
-342240
-765241
-322680
-763614
-666477
-504857
21538
-688877
-830220
-750817
-582612
270400
-482746
-420197
553134
-655544
702382
655238
257572
132681
-618882
173385
-595302
-232341
-424354
58737
330079
-755434
-518247
982703
984681
166083
557442
-326664
997829
-699536
667137
-322099
-596552
539053
290621
225173
717176
-529964
-495641
-543834
-792960
-271402
332833
-935326
-952300
-671569
-638454
662014
-114479
-154117
265192
123998
-120592
-768861
66672
-996964
245271
-819536
108084
870312
-315813
840768
-491734
955785
5719
-14187
-200236
-750526
-666398
118731
-52079
427599
83951
-990302
498304
987855
621318
-311175
701709
631611
801755
-334116
-446311
-314412
452360
-245964
-211382
882971
-395284
371101
-455188
-474246
-908513
853973
672514
966528
-544623
365903
-438034
-60342
481214
-535577
54072
-229507
-788209
699569
-804226
-244369
904017
-235670
910969
-675483
-872630
-412016
251303
-42121
257533
958093
-950502
-557040
427644
-132721
957149
-370030
-821275
664435
836990
336662
-10630
-503841
762173
45777
597473
967151
-934705
623122
128116
405894
-180785
441831
669126
-33977
641730
366304
651956
961180
630469
-901909
-164701
-90509
-979754
25438
-559013
-402807
-800965
721300
533119
26206
-719598
346158
-260696
223560
-312074
661371
772254
-653788
-583861
350706
457522
-723161
-835801
268892
822075
957650
-451363
-538354
166187
578948
-415705
-926252
-935091
150697
-992273
203498
398877
-587119
-867398
162468
-842813
175195
-830542
313005
-906962
-220912
375630
-111508
-170038
-19764
-674912
811138
-453027
594582
-108101
-940432
802051
-327471
793918
419414
693188
-247860
-225534
-988330
-279089
282996
899804
712087
578262
-830423
522383
981093
662277
-688339
747857
-658570
325919
-929479
-399112
-785080
-749896
787498
-82751
190885
711561
-544168
-871107
-967480
293747
442375
711769
-940518
664211
387959
837512
391701
164094
612758
-857073
-532534
-727783
-73514
517996
310525
-840552
261785
-666780
757358
-789231
-82361
-750936
665523
-324932
459138
-282205
-807488
87241
-267919
-924573
258441
441950
-183623
86177
161342
-827092
-699510
-452114
-245323
745261
956117
445053
-936090
793852
-898021
48903
943887
-959536
438753
53086
-961672
995606
422592
709778
149457
-612821
-245607
-709318
341431
479539
51429
-766880
747477
-9319
877738
-765045
679975
272035
-21751
490345
542554
565552
827508
-472551
-896048
830737
-347906
-323181
841279
-478462
368459
356149
-249223
229316
-495322
324586
679622
-790568
116017
-882695
-355731
-566311
543799
641128
-122926
212599
-684130
-456310
3513
-265716
-514824
787244
198057
-272420
-631624
-627112
-124949
-624658
948737
-188860
397362
-53631
325402
-606630
563540
53165
-233474
-814363
238902
22680
249617
-314155
399175
235345
-359572
313519
-647005
508236
996057
871316
-423721
339194
47578
753387
716612
812293
-791196
-215634
-107492
555045
-645847
512846
113034
-17246
304275
-440124
-84114
372966
-991668
-208715
551366
641086
-296966
-597695
-256728
-867283
153096
-445719
543467
730093
317472
-12646
465510
-244989
-421707
154842
6864
748541
454844
309390
-178490
907339
-792326
-403995
929388
62136
552696
455781
-532565
915331
-573676
-430960
-532456
-212322
-688462
-334
515572
521986
309519
989898
-653488
496685
970550
-799085
-673847
-151495
370443
329902
-714767
-280934
674180
442093
716366
-347276
-491272
317758
645628
-901737
-880497
40498
-633875
-835432
106458
-613719
-778031
-539123
577660
481308
693521
354148
-251643
-905977
914036
-506912
-968225
668529
-207003
73394
924641
495769
697292
583088
556545
387135
-844776
380084
430374
784140
352094
645012
-552164
591518
-636517
732729
-346719
-235212
370197
401118
-919652
-470157
-756896
923367
790509
847955
-541827
-918437
-444065
377385
-245475
352128
-185030
433745
-575869
-919406
-492938
-192905
626567
278815
-470902
107906
496310
-895614
-696095
-979809
166167
93946
-853266
-818843
630793
432102
-344746
-262358
-973752
7583
-748212
-172190
816270
-3214
-174085
192942
184918
-996424
623004
196617
662715
553236
-118361
-155766
-959873
-314679
817830
-234154
-454104
53558
-634972
377510
-397883
-248082
-314939
-510735
759631
902136
637039
113462
638122
-674784
-951770
623720
228939
769400
230774
745461
-789389
-803218
8713
-125579
-523239
217995
253400
-423316
227941
725318
633342
-37188
88281
-926973
241448
-348502
-977014
-744661
-260695
-440566
943628
104
-447318
730890
785389
311421
-238977
489497
-737705
299585
768660
315506
-781351
836150
-634234
-199351
37951
284490
739406
265360
602525
917673
-345704
38630
239851
628413
-973390
-532835
-831670
130115
-324320
425190
-740507
687883
-835764
620187
496243
-273204
-391462
-159319
459608
-324703
-371046
427544
297707
-831068
64663
816825
319443
-152922
-125236
-30101
-514934
63368
-155530
136457
-155261
35129
-751483
463604
586216
273996
-943188
-320584
-962564
23732
-70121
-67235
-965088
-832608
-171076
179277
300657
-506643
-986293
671453
786318
-855732
796607
-957063
-16521
267762
645142
-44687
976273
-224139
579357
-504230
564806
443978
-35995
991906
-418999
-379176
12754
-105548
-161033
-512328
-923951
-265404
615257
792716
404393
-362057
79814
-862215
-125205
101298
924837
-472766
956164
59070
-533423
-149758
-645903
-917867
915477
427398
-883823
72204
242902
-574011
254102
-960740
782928
-732804
-929259
807950
888696
377706
858942
-313277
237057
955045
-738523
-951011
837115
-53480
-946114
-654322
-254571
-72038
-777240
-210885
-322941
841259
-154976
438220
29563
991437
-720042
-381485
575577
512765
-235812
121046
-885918
-967732
-559749
-81798
571173
593567
-497504
-776114
-194947
242943
878388
-367182
724404
720926
-727287
-639261
-803390
356839
115568
599460
-273357
-531648
557927
-176759
621094
948191
42095
288611
-293775
917830
-387460
-280765
957922
-101796
-308602
8749
-134623
491306
874813
685659
534193
-835537
172121
-272470
-288107
934368
428047
829349
211471
792895
198175
-220371
-529405
559638
-288118
89282
348155
-11824
635106
55536
513220
213493
-394695
-311208
-693067
752960
-915141
-982950
-90353
641759
-322472
-505252
-42240
-657337
505241
-927430
409666
21937
-583148
-698934
788448
-656332
-579845
139786
532889
-152832
616654
432232
706909
876980
-694863
-798418
400244
90589
-958120
-593399
-598722
-822772
-835682
-265676
-110187
-307437
-364747
673350
-647474
416219
907000
715284
-803105
-663451
168029
847428
852250
287451
428550
-624273
-376424
852306
-53514
375794
24113
118047
986208
-377646
-832857
-279085
859419
-405943
541794
468308
451379
-987023
-295082
134041
34457
537484
-298624
452353
766970
406126
949648
964177
138925
556167
-872671
-129463
114373
-638575
-691549
-610719
-373306
189906
-913062
-354139
-936843
235662
448383
71722
80328
-339827
779524
773548
-466179
-292924
-592907
-478523
680647
147619
7546
901324
455586
133115
978297
-88888
-785336
-459255
471384
306960
-354628
980131
103648
-316544
264195
198013
-70083
-2982
121714
106264
846498
-177098
-146397
554825
812297
846247
674561
636770
771864
-137108
-82429
-128129
-690145
226768
835446
693998
243390
-653409
-156686
-309316
-72924
115013
602990
-215080
604274
-408572
641776
-710169
-355267
831825
721885
322595
887858
-83892
-70034
175216
-660395
-539813
-702397
-714243
-161182
-249374
417554
869011
-48556
593952
634104
-690434
748419
-847959
-295312
35348
11752
721660
769121
-475162
225405
984896
821713
453763
-652865
-419040
-710728
-541469
902357
993983
665455
-684809
461003
-938918
125511
-960949
-417289
-759815
33846
134996
33148
-962350
-710611
405468
14828
427578
-835963
397575
594569
-661688
-48361
238849
689700
654600
-301334
96582
-218841
409945
-35705
-663795
-372690
-979612
40553
-864942
-820017
364089
30353
637438
842362
-10744
38581
789430
669436
-566792
-860136
788029
-4450
-498649
95861
-51833
978922
-477249
-23915
-751909
61965
-7503
227328
-395229
916952
-305775
922192
-77101
637153
-78450
-824927
206964
820550
286348
-914780
688588
92561
-954144
-740781
-263764
363575
300071
571455
-396970
874555
-816445
139780
-753528
637680
-307724
585311
395817
-535077
-936817
582998
438415
833078
459229
-636523
-634517
209937
-238958
-239527
-533678
-803564
440039
-121723
845800
441055
-488873
-719534
302635
250770
892148
58276
172121
403048
-215069
712055
149119
153726
-807814
-298504
374944
407346
-481036
611376
950398
-505689
814671
-57509
-63096
-78492
-64317
-848553
484063
-921444
-653986
-972616
108807
305032
-632384
897528
834087
9584
218737
512460
30460
187082
601946
-903663
623072
-735751
-651801
-985627
597619
-239306
-546762
531411
607331
395660
-776964
186534
342238
-937987
-931211
727774
-100335
-3134
109829
-591807
-724133
541616
-497680
151176
398355
445110
286899
208058
907378
-684413
780925
610199
-507745
-307900
590541
899114
-945706
446219
-599
-556286
-515148
454731
925816
-385286
-965087
-89088
760829
-470093
-759590
725996
-501776
517411
1561
159739
-875846
261319
183908
936648
-176562
981236
457327
554296
263327
981707
-878801
-17212
-987071
-306869
616701
-941995
-66528
288257
779106
-549816
-926889
-865190
23301
383377
488366
132121
-466
719739
478003
778467
973174
-612083
-787341
-86537
720014
-508279
-363435
-158980
-647896
-570866
-86252
-165517
-98555
677597
101335
302540
428444
-607304
989551
-104940
-570908
675814
-923604
-762037
-508738
-595628
105692
691284
486146
-287019
-40863
-213883
-725467
-545782
-122514
-876450
-241532
-851747
-510114
-914729
-393009
326439
-140111
637522
-677867
-958606
283171
-381520
-776857
-568488
-304661
582272
336940
-22774
-269939
987729
974465
686829
847580
396712
-516918
-825634
-319856
-22899
-680614
754838
-571009
-544320
427963
-49623
230524
-303607
-699110
449961
949833
90541
777938
963047
744377
-89732
762899
-483623
-530457
-701816
764463
651287
-123763
-774800
-67583
-697088
-196094
-969766
709242
57209
-735022
370559
-576823
-461355
516219
654687
-15322
886865
-766654
725910
661180
-688970
-996944
810567
-71503
-295135
-31187
-651468
-861101
-858145
592183
376048
-384928
277234
-998081
117547
294514
-438735
-908384
312877
991749
335755
873149
-330914
591526
143852
-147915
213377
515386
305080
-769850
-492159
-170007
-375436
564283
806884
-106715
-51452
610963
-462116
-774949
-542449
116656
-167172
120884
763390
863032
-44664
336392
259108
-468724
525285
340704
323320
86755
-54097
750886
-183939
293378
1769
-410389
-745150
454938
442703
-4779
640133
32830
-899384
-198237
-15501
-392705
-140552
-38945
-711797
-476122
-850063
-650209
-641760
-122739
-223095
210167
273021
308378
-634298
184702
292130
-191015
-372746
-607877
-666835
-73803
667484
-553939
-44972
559699
-618620
-502732
42383
-221556
903736
506015
-351405
-862716
-922357
-629741
478712
-132757
728722
-496748
40636
-227248
-823885
739571
-155296
753693
16277
992596
456816
-567757
675383
-474533
858784
-232157
-967268
-969997
608210
493445
259492
973499
-877004
83577
877303
805261
206087
-856776
-112358
-691157
-406662
208725
-139357
-286072
580020
874774
969865
-778191
-631055
690153
-938603
-845866
547012
115845
935925
-467975
184314
-689378
-24977
-336974
-792673
602692
880691
60188
522010
-313383
-305591
512736
244595
895917
210729
531548
103350
-585032
-274967
-562193
-729873
-868109
-369263
625123
-574380
251603
-516470
148728
-511102
-862877
816693
-509815
585056
165757
-309991
-887203
-564320
629796
-729420
295693
920548
-946559
420722
-416499
-616579
635513
-53317
-60328
-103858
-624665
-516697
542396
685519
878203
-518707
-141505
-915027
-633810
609209
-575955
-422257
548321
-418181
686015
-484108
-450799
-627364
66282
-571976
449081
277676
-615103
106678
-782779
-571337
-627961
959238
-905298
-42282
661973
109287
30902
949793
407652
13496
753346
137154
338936
-863199
-837425
-351131
209898
-338737
-191214
-153525
-270640
-948132
-1616
411262
-800822
43340
-652009
-287713
697580
-360141
-6281
998363
-303933
-890123
-837535
960380
-714874
-903258
276346
-739044
624859
-296817
-125093
-157452
81858
-407086
73481
-976686
9250
-22491
657548
464937
-597010
-831686
-683602
-581694
-834828
194879
366162
863249
-192062
-307711
-365970
903202
-100683
-714580
528294
714418
949791
-607059
-745466
186586
322708
-88008
135900
-10778
154450
-984603
378416
-519740
926410
-127243
608353
841240
437583
-913997
-285602
-193427
-433062
593782
-820483
-159995
-509961
-249533
-147205
-637999
687824
-842609
852497
86908
694356
972577
556719
406689
124036
818326
885464
-152034
782938
-783745
-687079
-551552
-294954
788389
619687
-752355
150566
103020
-236780
685761
-636687
419157
-794194
907008
-565696
-186211
941044
-704085
546953
569731
433334
446045
402650
-360921
-413496
495797
664351
927886
636514
810526
77584
-347966
-670441
567369
185145
-453994
-612752
696508
527143
106119
-456795
304644
323628
-885698
-359305
192518
936272
-546637
58285
533748
-617132
142571
949288
-69797
-255389
-618271
607397
-290600
-840744
468227
58511
647915
993318
-97581
-754433
36323
-595608
836142
262353
-925319
67078
-758230
-945820
813433
-598144
593048
-801043
807963
691930
465961
-776328
-96272
359205
-369620
665469
-502408
-311771
574069
-143973
706768
-819164
-510502
-322956
-786296
522578
-868777
-875996
-730093
634839
266833
-174498
445784
-344585
-922633
-627291
88165
608865
-656699
-181083
-691005
-369260
290082
-480852
561124
-270737
-616150
682440
818489
324563
722694
208125
912352
482934
922614
-174173
425339
-425273
729456
41562
594844
-452359
-162206
-848725
164060
-833745
274964
-28611
358923
-195518
169641
71985
-302079
855218
180676
344474
365843
543270
-499256
-736356
595233
-23391
-171593
106400
-186419
-611772
-558276
-825295
-120250
956858
-575548
-475530
-66878
-686909
-992826
-304308
639754
606817
-310236
916224
932783
-365159
800425
600870
186074
618214
335282
498712
-955071
867520
211306
41742
659382
-927805
-538706
492119
60761
-710400
-781297
673586
943214
-344355
603765
-965429
624585
-654935
-70816
776789
334310
445504
759114
193344
-861163
-355753
-898775
615704
-567854
406757
-410479
379002
-823885
715055
789109
-81997
-150534
-379154
899085
-132234
758090
-155874
-67116
457914
-557193
-714010
-927575
-621778
-123914
-502881
989973
-191526
-592909
29314
-559828
-217005
466050
212211
54668
484250
703981
514532
-1405
325907
152492
200807
-754483
-643043
-588814
232660
-569606
-54830
236644
150547
385390
686428
315748
-322809
475906
-605710
-741108
353944
128841
513134
788151
-749350
-300307
91789
857785
-335009
-522569
27202
869166
-246378
-724435
151479
484592
663006
-803243
-723999
-468958
610347
-664296
-379074
-530583
553939
623426
954926
343995
240374
803622
-598548
152783
-960120
-444194
-948953
157236
-409091
552496
936001
715518
-918513
19981
129571
-109157
-181585
442675
493755
-596285
237958
-165262
-120685
359694
-547546
-64885
-855153
517407
564690
-265421
-37565
846718
473446
361912
-977298
591236
-491676
-908997
448663
-585745
-357603
455835
-600509
-359019
-111879
289011
253392
119606
-603677
561465
510578
-33814
852051
-413177
-364217
299577
-941319
-653450
-89960
454217
437379
798246
851502
-509262
116491
23771
-747185
-619666
-488288
-66878
-990892
-747796
-58384
-100399
-77464
-341437
-401009
-649268
-733473
-876669
-676890
290403
694192
-90200
438203
559225
-380527
-315864
764632
343423
886957
517932
-299557
-689153
-617339
58843
-391782
268213
-129696
-191919
-78416
-303145
119664
-138194
-882648
-582154
618115
-45877
926789
-224900
-925342
698632
-645780
70357
-40246
-570559
-70737
-108629
-973180
754015
-19465
-658999
97315
-356598
443853
-650079
-413222
819708
-774459
-340119
125047
823665
-754425
-767777
361600
-417989
128123
632622
204649
479601
-124527
642665
-881553
583751
-215510
-411468
174739
-582535
-269402
90114
121782
-458782
-842485
63992
797390
-327255
590286
826480
382402
-693350
-253758
-528869
705000
258067
-858342
196542
-335848
518677
-381796
268189
-55827
426874
-665499
-456715
190232
-163258
43603
321186
-776096
-154731
518674
-241439
677818
952116
-609466
793776
119424
626124
-657454
-818094
703697
-236615
-976317
-641170
593030
-99846
802269
-493609
662732
494657
-636992
295655
66147
345385
171189
21124
83186
-764793
-121701
-128828
-615676
805848
100584
-244307
-406877
-110758
850782
-219499
-865009
-94536
-803763
500136
946203
31325
150014
667272
104741
-156950
-755517
25871
-800592
-672190
-3431
-566480
-934112
932802
210167
76923
560017
-11506
-424266
31423
-796716
-818809
-47588
-249399
-709882
88280
-596218
-601653
598479
-696272
-969422
-615464
-429644
-510582
818854
654988
881818
489767
208449
69449
478552
531614
632156
-188644
201207
-14198
325405
-465219
-231415
504161
257240
-69323
235299
-611100
982049
207514
902648
797618
-910350
-828682
-789357
-765448
346229
700998
22832
566339
858224
543902
-515400
-105482
896459
-342550
299352
-394665
-653250
22095
216509
154691
288539
597039
748141
-598526
-721355
970571
765637
786357
840044
830852
763787
852972
-825386
-196166
725807
381908
-902388
-685355
-413277
658061
-971634
361570
-961708
246938
-869036
684245
8899
648690
656754
-211603
-604091
-305357
893286
-416203
546003
-453514
217346
459430
-574321
-845891
3952
826602
517844
-438135
-288153
-48965
-100744
-848119
-942231
980202
876577
-767764
440758
-845188
-103360
273752
-424751
-808082
597551
82419
694060
566682
-803357
-946530
-745614
-590414
973902
850497
286065
455656
827476
902209
959779
721840
-238105
917774
575447
-973411
245569
282842
-124159
709608
-417603
-596636
-757990
963728
424659
-831118
954805
-828901
-583250
-273955
-110304
216186
-206740
-380474
-199117
989962
811249
671847
13240
726071
442984
-709628
91511
-515781
180696
-794113
-930852
299268
-715682
-480629
-816569
-477772
-239603
-599559
886256
748866
733407
-9938
-109579
918206
-993578
399798
521346
-328911
-732493
-922767
-392548
476450
746194
-51605
-682614
11957
84256
-177974
667744
-349457
-821574
389472
-540887
-620140
-468700
-169888
295472
927025
-300253
832430
-262165
398902
599224
583887
-333435
403515
-808007
498176
-362361
-904093
-519923
537186
772898
199390
-752765
-681134
299035
442760
693712
-282409
-430893
-179281
618275
887861
-983950
160370
-506521
-310626
541744
-81852
-540012
-251896
197056
-595952
-697678
-473574
193241
228343
-388884
956864
-702751
-406988
882381
-177058
751160
922785
-311015
-377952
-540641
643027
-780982
627056
80068
-453665
-555610
651393
-855061
-889152
-688647
-64632
-872518
-297519
-302987
-669813
-261983
-971788
617122
-989487
-776732
109397
-293757
-161543
315590
-122935
846663
-565721
-335916
-323760
-624216
-713255
120011
-398535
-300060
323672
-545753
231781
-6570
144329
442313
-69597
535857
-856861
-244541
358843
-291240
96443
887747
565126
820060
-735045
508315
886842
-467566
664369
-288151
-465724
354384
150787
-433304
-2994
335813
-285951
786001
135136
-592910
-879405
-423185
-86366
188489
75665
841150
-862401
-480032
90481
-902721
-189082
-459438
-330341
150107
-259606
169266
436761
-404111
124938
932909
947306
310782
-235062
-568133
-557259
-273048
-767232
529409
-580453
-806553
-818837
486983
-215003
785936
-143620
840849
-962083
68864
15033
-87844
-679688
-359391
666423
22775
-10832
-579940
-482363
-336645
-962000
950619
-312664
-790296
-497367
-602311
-452736
-219299
-26750
-207415
254537
311539
167852
816704
-316419
331959
822291
856704
-195625
383171
24624
421826
460595
248184
-785733
901982
468113
-164646
156670
-304454
730425
43144
-144315
-570931
-62344
-837930
862194
-471857
-519288
155401
776877
135935
230286
-756946
63288
-423280
725948
554519
-938400
-274127
-629737
775923
-824049
754872
741971
-322551
580991
368362
196570
890257
723593
443241
-947093
654255
295451
-84678
-536225
456461
-951224
521714
-949369
-482413
660346
340605
259634
803270
-79677
943371
-610101
817338
127696
215576
-953058
-769227
435710
656534
-907589
-630558
-48121
549560
766579
806191
-969003
745565
-269185
-414652
-648201
-108136
-252479
-53985
-579663
512344
343458
-160688
345133
29625
-832614
353230
590160
-244634
-754994
38773
861352
-404056
-382381
-827363
567297
-29936
-790256
-141480
-739305
-502211
-290110
-233401
-845467
-29237
-250726
118169
946716
171224
-445695
419746
842159
182708
928507
813716
635915
868132
-423639
483932
279652
48595
-853656
199323
-955605
695766
346008
-981313
-500708
-401702
-788873
715966
-736653
150637
367915
920943
254782
-677659
662878
453253
-621490
-986127
202755
170408
-5817
120634
157624
-366927
429015
776757
-377276
-319358
-918909
503944
81599
-672640
-475875
237590
277201
646959
-68142
-541911
876562
-806936
825183
-22341
-82031
587449
-467356
395233
477041
-703527
688081
406869
-478419
-491578
522621
777758
435195
-423939
877525
-98722
114126
823126
-374863
289080
907638
183929
-873918
269915
-197661
780032
919976
685872
864519
-488405
-51552
32156
-868519
-386374
-795429
160370
60789
-311445
-446359
310520
686432
159888
712276
66580
-348694
374988
618442
-239724
101420
485610
-22670
-251369
-896079
-905895
162399
307482
235825
443848
-249822
803491
732665
805210
-750983
371972
645606
-494458
533798
-142132
-742001
-788209
168283
-483248
-190589
-454758
68561
141521
-61913
745073
-581896
-818230
24002
654419
10569
-577063
-166380
477429
-500425
183111
-212832
-592998
48836
357174
414347
-808118
-957521
-794394
64925
-285134
266954
-132317
431972
374295
711402
-106289
-624137
523768
-30727
-763384
621912
242752
683429
901493
236019
728997
-815301
751666
-298557
-926048
803598
-588587
-585452
-788471
896529
516765
-401693
301006
-87803
87223
733153
-370737
-193461
37932
-356970
-112166
-909605
-627094
-664285
920638
-839347
687212
-952160
253326
-445035
433801
-828380
-706572
122188
-697769
237410
320303
409897
362169
171120
86058
-793330
-688372
-83037
-323142
-982465
255210
-788969
-148620
723373
376217
488395
-647895
-43919
-710124
238313
-963840
355924
-991693
-465502
823982
767626
-330375
309304
883924
-147456
-898694
-118891
-94988
-211125
-439961
-83303
-386031
-569665
761400
586993
-945053
720545
954228
744354
50356
357748
296736
-686554
-592550
21103
-565310
341933
35665
-387312
254992
201220
-792076
544202
99898
775315
-120360
591194
7505
18944
-9786
668984
-434990
489458
120402
-376536
-971053
-625168
-67044
-530833
580681
-110873
167331
-428765
746740
248778
137409
-511460
874216
-135084
707143
427271
-174920
-8983
-909643
969113
-70464
295194
938518
-714785
187151
-92600
161654
689972
659055
693983
-636671
-127027
-335597
112580
112698
-353938
131805
-742326
-257452
-256193
-274743
-381347
357937
-151111
-803207
695105
-835084
542523
27485
16757
107333
133305
-732162
751665
-861791
242579
-434200
936719
-503974
-155516
-500942
-119866
-442062
52529
-324821
826256
954896
59489
59939
-708946
-50723
699596
-606253
44418
-7042
-147316
-85782
-824487
-627986
-76496
-776395
70475
-855434
-593424
627689
607035
-50548
979194
-519024
107642
-643386
-615573
-809586
-661752
-425735
388185
366927
-938374
-264205
301709
-569584
-684041
912848
-769202
-2746
50140
-852739
302424
606254
-488192
-293305
544748
152690
37649
765599
-35327
-368011
964637
-889236
182168
-172996
-314963
-177395
-549715
712440
539916
-80918
-580919
879668
855077
-897867
462004
-31721
-51958
638403
-482488
213975
-185839
455041
-463518
131259
-972903
151444
763633
-751542
990954
-514671
443824
-585579
363962
786518
-723600
-762466
966476
330371
263310
862564
-994253
54552
251653
-988788
705845
-437459
125468
474029
910539
707400
276544
126008
422852
772958
634220
-264061
234760
238697
603460
819568
992762
721954
-149950
776510
894711
77276
754567
440044
940284
464765
491603
-513083
-595740
-531559
208912
-617075
938574
306220
79241
-68026
-382435
680948
257080
938655
-664295
214249
476604
-768774
176818
-380966
975465
-876775
773349
496166
-985862
-928284
-569928
-121069
-405919
-966439
-39585
962382
-369985
-319344
597889
433919
-259472
114794
452756
-105464
82493
281942
-245532
690139
399925
-293569
-327245
-636171
-53739
877973
514939
-424581
974052
-762761
-849457
972271
-567780
-703238
-853793
28687
855682
-496231
-270950
-684214
-249833
-529095
-720146
-831904
793383
-379177
-235605
-269163
-852354
138320
-475259
-234095
-107334
552908
-606792
416215
433980
-955576
-400442
585056
12856
472383
645212
-31404
-380692
-606347
-159149
348900
-147346
-822304
-540462
753222
-480995
-243149
263824
-352562
-589767
-733432
81719
566694
336271
-278487
-556956
-160470
437453
315514
296395
-407454
-449932
606215
-969992
-467043
-31381
452390
903600
-395866
266671
340681
341878
-87642
181544
768610
216233
-958698
685591
830579
397130
789214
-792916
-885711
-294180
-344433
778804
416596
-590748
449978
800240
-479362
201360
767851
-341503
798021
774516
587589
878463
-200353
897263
-183621
-571480
388713
231340
-114712
-905419
540372
918341
-624244
-65464
122348
-160639
-161116
-274174
-789882
269118
40997
-438222
-717242
550634
285396
670760
496266
759467
57285
-900441
-904841
526495
-788114
448760
-511458
-102851
-148121
643355
537418
-144294
-186176
-168295
-487064
-250424
127870
-472203
-375276
-264423
-941900
-399807
729916
945921
877755
322508
837107
90329
-313842
-745095
-734124
-266944
579908
620843
-355055
-771748
803626
-817188
288151
-905538
373244
-529843
-163361
938980
651712
-574888
221908
-578856
999104
-556063
861276
-745099
-348638
80619
347014
-982839
469285
-157882
-727090
-48746
112890
-240410
-518257
390771
-982083
176592
-206586
510864
-430706
869165
937982
-775402
375377
959233
247838
-1619
395006
234485
519243
487703
96805
756688
-335045
252665
25986
-692988
-123112
792762
403512
-850203
984908
771844
125102
-37132
-762385
16104
-352253
-613670
-452661
-535010
863791
106992
216840
641642
332599
-978437
-669319
-408167
516492
-463499
-424831
131115
516225
-456314
566435
585355
774376
-863342
-405338
502649
143304
-662036
-601759
238984
259388
225576
371752
-81853
-611349
231053
-868397
33515
927135
675753
457319
-22308
-426748
-685441
-797724
-475378
-84097
975836
-242261
219190
294569
34504
-236791
598156
440551
-443497
-974236
-585432
-441305
-758497
751616
-199930
418233
751747
-317969
-346328
-513337
-460498
-903661
898650
988915
621788
-79279
285457
-180212
542674
-940076
-366867
-460948
390574
713595
-906146
191472
-358311
345824
-251038
-958315
-349416
-401274
149484
684844
344258
-848610
274017
92985
94348
631414
-412101
216046
293760
-578689
-976432
-197569
960268
-996871
-881491
185250
-405449
-409027
978716
-585371
-435474
-26457
568902
717611
976381
-797026
-496911
-77052
-233703
-901823
-521495
454440
-835942
-518225
-740355
777296
-122939
383731
-137183
-431054
-569401
-829942
524977
546583
708543
916371
872789
-893670
774898
-988397
-930433
-992897
419362
-306079
-506351
597293
-383880
-12492
815388
785609
-411362
300103
833732
270321
734185
-799578
861247
-399726
-460620
-539367
-942980
-906649
-243512
755754
-87200
-358898
567543
585683
-744917
830920
-676152
-105399
525433
-594483
-480820
-724385
-761243
224458
275471
794009
-247736
81145
60458
-658098
78623
356314
-436618
-591624
956811
568339
3419
-303844
802161
235617
227526
-472112
13633
962234
869177
-297874
659924
-641407
-968964
-373932
221295
-204315
563953
315092
-833819
-996393
474117
93503
930008
578598
628930
665247
-855496
274050
-547431
-445500
-842393
-54210
165296
156324
-750475
859397
-284045
712249
939054
-344568
311830
255221
353817
-960942
232871
521028
-617254
744468
-115980
-44108
586023
280734
-881893
380465
363365
-243734
-635732
698217
858974
-731949
90108
-210098
-968671
-361629
-909943
-196806
-357385
969545
-371451
-845140
533885
-911127
109057
329136
642915
421518
224567
277469
-984640
-397509
591860
-952456
121743
-700385
-333664
-87113
-605238
-981722
-525717
-98145
-445791
-641876
766870
527886
-473897
-802100
686811
-377387
-810950
631127
-470405
894333
685117
962145
331490
378411
-447053
335989
453240
-914018
-256086
7144
460678
840788
-658590
765771
292931
772300
11369
656506
-218245
-87705
-2860
74065
-411301
-9240
681371
986238
-590629
472474
996114
-89870
-968376
242449
-464000
-944782
-706067
-25720
416094
-48438
-659363
-760982
-854227
996256
681056
-989460
686580
621158
952056
859479
93269
-118295
-876146
-945437
-545205
-32761
759742
-296385
-700669
-547843
682428
-978130
-862765
216158
-513695
-370485
223963
75296
-377642
17005
883255
984017
704988
-33115
519134
537703
663861
679012
171802
862900
-491342
-752582
106660
-270984
60634
960953
-772517
589841
-319308
-795656
-680799
-425267
-903886
148403
273234
-301984
473786
811280
841442
-104591
-102575
440956
-662254
5582
955110
-685900
-541617
-942400
776889
571872
975015
-512902
186854
128601
805352
-629845
-363630
510859
251095
-756429
677681
816118
254602
-735374
-72591
-194993
-610845
491323
321990
508355
-977367
-977177
259987
-397349
-652860
329606
818802
818298
585493
-333519
-844640
-903420
-952848
-458885
468232
836761
-218057
-244730
326634
-708225
-202220
-269903
776616
-495330
76114
-149393
-713811
-738396
617433
-890957
528506
664009
767172
-313721
811598
-978771
-562783
186172
569330
-495395
375492
-592964
131870
-562444
-870072
706043
-719989
-962210
224931
-902644
716694
381752
311141
707408
-924530
-169261
-39283
73033
555418
-510760
-19576
684044
-42294
-930939
726215
283861
427960
187413
-514181
-945611
622682
-160834
-378384
-218394
-488728
-8236
-756221
249279
-752412
-906741
74562
202690
-987189
-59559
888862
949843
809174
699898
-768305
613508
292461
82573
317381
-96373
875049
866780
-111034
-615723
-18172
19257
635048
-943309
214688
-223869
-267091
-600653
759344
919240
-546826
-270710
-730361
-857852
221094
611116
-682437
-133112
834452
475646
365302
-217610
-612564
-384861
-797479
841193
-254749
-269325
109452
-353103
666196
121482
880742
-6084
-438276
320508
30646
-268912
547599
-809434
-610772
-31372
-701708
750368
510439
-259281
781668
-901298
-39908
684136
307354
316566
541407
639148
516920
-679252
376978
791182
558646
300424
-267289
-900503
-240249
-889991
530579
769601
-184758
173011
-248687
-999224
-733655
-579388
261647
352252
-561326
-46779
-187143
-714003
-162160
88364
-566239
-574819
-827003
-165154
753160
354304
804102
603553
603852
963618
376211
636559
-747475
708968
-342031
786342
212029
287342
677222
-147715
133156
207376
835857
-729071
181005
-423932
-167581
924734
528561
-937180
186302
-289719
-258434
-705206
885800
-415846
582243
-707883
222764
230279
-991429
998856
-921011
-875317
937043
909713
-664664
270997
-247910
-571674
-525915
-366659
70372
738123
-351399
539793
-790950
188337
323580
-9266
-714750
-23624
-802558
999210
701799
-183659
-9640
-282098
-437531
7567
98236
-114079
-651373
154915
126009
-874752
5837
-38200
349118
-343350
-358820
183757
-653990
-660265
576709
144094
562071
-860856
503339
966821
666992
-621127
-345247
908300
556271
610771
-527856
368929
335463
523263
-14463
-300397
663371
512693
-557688
527193
112810
958322
534158
-293390
983624
235208
527033
216775
-433062
-599153
-250950
985260
-700451
-968775
226098
606469
-71405
715459
594626
-209019
209307
-358072
321454
-953966
259116
-79184
395949
850757
481390
926981
316751
737677
-907275
642278
805387
460659
176986
732692
-492956
714872
288248
196650
-185672
281882
39616
-940567
43301
-154379
-95046
474161
-849640
-145529
644760
-866036
-961805
-128244
-997256
-328347
-927142
-139640
-457161
-831274
-862821
221027
370028
-806369
696888
854830
782984
581170
509969
438147
415240
-502806
961970
732299
583380
-748324
-371273
478234
369208
209606
-912296
-506508
-686724
-516571
-602731
-399821
-805471
419298
-766209
962240
-999493
710572
175648
-339969
794214
-606623
-387832
426247
426086
-30427
247157
-490994
227423
705942
-674914
216932
-178282
-176356
419094
852577
226503
-83594
856115
-487207
-817259
-965433
-807509
431099
537196
676238
5202
-774386
817675
-373614
-47484
-244940
-754704
962800
-73373
77064
29683
-648766
44860
-221232
-867601
845294
421512
-541473
421019
-198520
-861298
-780406
-868234
942181
117926
381252
436065
281789
-220904
542809
327366
-211716
99746
501956
930806
-506715
-352232
-935635
-458991
-737949
-453210
607362
448158
-333906
532273
-474576
101307
-909930
-704420
63486
925038
306352
-397913
-188410
109593
-486118
281649
-777390
490380
219691
-569698
859279
991925
-199108
-872429
877808
422130
-741362
-823970
-461534
-72313
-493354
923059
678503
-982485
-890132
-119406
-881070
640189
182668
244676
384030
339220
-972602
126339
-583382
373875
-21240
-592455
620565
-994660
-504634
-940831
-259726
-593285
441923
-366326
401064
-847741
623999
-517894
467433
435351
-51779
732783
610253
-870498
-278096
-586751
623114
-545607
521025
-587485
84946
148241
883456
-806968
-741431
630985
-330588
205730
852898
105619
-158400
289541
41429
-783138
544389
515818
381311
301869
679470
-227824
-665899
990467
-912500
915133
616518
305530
-266322
924067
732973
415092
576556
409437
-870480
-672920
639760
244760
747320
-280098
762338
608335
-586355
-175114
876623
-831186
394380
316194
827509
580248
453384
324723
-567474
377284
936123
-898287
894646
-35326
372839
153157
-12774
154908
-517362
465584
194495
-418217
-990262
573343
238764
854809
-104758
-90122
-446282
736292
548457
-87864
-263258
427648
-545556
968713
599304
-425353
282328
-948645
-103917
-302662
45294
172292
513968
523170
49733
326913
697641
403728
-561022
7860
810607
662133
586933
-314952
77448
462701
-570669
211925
123155
715142
348748
964239
309497
-160864
282825
895705
893618
-141588
-348412
587111
-496591
647318
-654013
762401
449517
-145153
292082
-150221
-338803
-962397
351580
609345
587696
-490470
23046
414392
-935850
-33478
537000
995008
-3602
-401959
760905
-595507
397820
804784
-864299
-667546
648283
996382
942620
-950436
216700
583821
-38102
914915
-347392
-597245
569823
742140
-314758
-613520
288029
-753547
-736725
-743089
-107869
360267
-700637
-659812
-482054
65210
-542080
768755
-728953
-998940
-509099
-939961
157505
906393
450343
-646981
-443267
-909495
661905
-941152
-934042
598659
-115705
-847860
879368
-129495
-861769
-216429
-849525
-961869
-27765
571173
684540
228508
-555701
486788
766023
-395668
652256
-541601
-83263
879843
191795
-838000
-155806
-937921
518324
-83089
2832
-843861
-769801
-474799
459030
-537148
-153992
-659039
151091
802248
-322945
966936
-38961
-457635
-198753
-230372
904649
820732
-17448
-529613
-796693
512888
773340
-325470
969727
532143
-756625
449062
762875
707787
949223
885710
973143
-931787
-614189
657267
285439
284440
26552
792789
854884
841357
-992266
758740
162093
672232
582218
-554808
-200564
719518
367597
-383619
927787
136530
-261543
722638
172868
609787
-320085
893788
-759984
-22990
-580316
427500
126295
-862435
247369
-881445
-639002
870132
277035
779710
424351
-577619
-958527
-52070
825450
-240824
425969
727484
31562
837561
-489555
763703
676810
-104211
114618
499192
163733
909690
-75124
-244729
-212059
-89880
494286
417756
147476
720918
-472450
-835620
838542
693707
-692044
-220433
-163224
524122
-100606
-4802
-879799
-827791
874999
800910
84230
-961922
-72642
998452
137228
880701
485092
-299596
-710026
969059
643127
823802
-212161
-7840
992841
301364
-975343
-146731
553236
232778
565436
272402
295223
-366341
-639038
-958134
-788769
576405
548239
271702
-111935
836945
909638
309282
649667
344777
269366
284344
-335046
-861162
-758549
-124441
-176562
-716278
-992415
961551
576762
-145785
-684588
-694772
336944
200058
776755
318525
-826599
264952
-334286
-41936
188154
713203
761598
-553492
-568910
-884840
-913908
430938
-656800
278729
-162421
868048
-623327
-606670
521464
-56901
342519
-907126
408783
-459671
845381
-126360
-50081
-94735
310519
559167
-552265
146495
710846
-530312
-100036
-979392
407801
-61654
761948
-867162
-2001
623865
284125
227672
157113
-284280
-496305
683770
-159875
-884196
152992
-397420
857428
627406
-145970
566113
-348659
-617108
-8137
-869705
-471669
811758
14604
953229
-146167
-534256
231652
-362194
406142
270224
-514323
-828807
-843876
-85114
-242371
477906
651506
-531877
577990
-622807
273585
834919
-514328
-37979
146827
-705877
456225
718572
827831
-784600
-999073
-202351
532753
-249638
172918
-678757
16095
63444
5421
-202706
981551
-98055
-999949
-658727
-11172
-209196
627631
-204933
585263
594709
-666955
-219310
-723551
318505
492500
-189406
-317506
342772
-557428
-992642
-217946
694830
-65059
-40010
-245458
405207
76986
46045
441123
847832
548381
-281995
371118
666936
823348
-346823
144467
409847
92985
-384633
-217324
-845173
-410401
472553
770098
269300
298088
677567
944019
-706946
111571
207370
-81217
113171
-444493
581463
-6268
979258
714907
-813754
-457414
-205904
823606
107829
73761
702753
84979
332942
200806
92419
-821027
-227669
-721467
-563824
-298232
-308511
-375736
357470
582183
786096
-912339
-85604
-662597
-624379
-37147
755563
-692122
-746711
-564551
415190
-446114
954314
415623
181872
-784643
-460124
-36181
891401
-804876
-886580
-782471
-422004
602144
14361
-392602
554616
-120331
-749905
-511290
-28039
-589033
676393
587311
467618
-865401
675170
111741
919370
-681222
-694943
360687
852480
426566
960863
-190097
-508244
31221
885365
247663
-469437
838012
-427674
-395793
565414
885637
887047
-661349
43928
-23191
836295
245008
-822182
780090
174687
262335
270437
-229893
-980969
-11030
767427
-615181
-659023
-706100
-120053
-345066
521591
-857258
600695
-184156
-422308
-452717
715940
89166
906449
529196
23653
74386
-219481
-211576
-149693
-450520
633884
-336373
-378731
-447212
-517500
597632
786488
-998948
-429803
140177
-693652
-470188
819023
-638093
-903349
-101099
-420602
523038
508647
185356
285966
924986
-12802
692782
-730623
840214
-952356
602697
-625745
944593
735054
-651786
461859
746523
26302
-210389
-773810
-451306
-59920
212717
-905645
101078
-833704
454562
-75794
-943097
402837
-143100
-925310
-472146
-119538
-879438
321597
-546680
266792
593889
-36374
911374
255649
859823
541266
85018
114700
-853352
330960
-339421
540905
342401
-20368
-263004
823648
362098
-314941
-893796
-559590
719073
1090
759854
-753603
-890583
-134564
-820888
890114
-702822
232351
-273888
-101132
597929
679935
1914
764358
-673848
224581
576135
-657967
486097
290070
454664
-128982
807195
877982
966864
-689187
239919
-691110
984007
907464
784533
-556032
-782965
-531435
232775
258955
287408
207189
-288697
-99482
143656
595510
-231220
-278220
-876866
-163615
956440
34746
-569796
-91790
-758811
-630294
-665171
-801259
-611459
671885
-383683
513081
989161
-309620
463804
346868
-277695
-631718
-353855
-829453
-329693
995329
159467
-361444
472766
-171448
-286141
-516926
-562162
-337410
835261
-476284
650018
852327
10206
-463293
133912
-250048
690423
692029
991915
774639
578319
-374197
-25245
-401332
-200097
138803
782699
-547706
-589962
-336981
-126209
326195
894717
-218517
-589948
641400
987285
-493203
-499407
955473
-931108
-81852
-64661
922494
977039
296470
-29393
927371
-739895
674744
260265
880634
912490
3300
975201
957582
356627
-76007
147093
978231
-745395
-563440
-314079
28821
758089
109910
-222310
31018
410050
-64501
-224773
139169
843647
-471499
-291209
-816459
-648332
-942143
-976403
-115648
499720
544792
387706
60385
949106
852186
176296
-740664
-136644
261178
-812989
109089
-918422
247670
-588724
162714
43828
-189455
742535
-918893
-803858
-193682
-867665
-650655
-825079
650347
-197686
473023
466738
-97640
939543
479442
959256
-483853
-220765
296024
-249269
88449
421371
-100244
826688
598954
161275
-216840
965361
-872398
193733
-401993
15521
150224
-445746
-613147
-702531
-144915
-182510
-24826
197982
-72070
474471
33232
804203
-92178
-174865
-127177
155996
-374693
-865240
140563
-875751
-932564
-154594
300783
-99968
859773
1855
-155792
-7802
121239
729551
319072
-113804
-727034
-472590
718422
-237485
-547879
446823
-895100
447459
941302
-753324
279837
951364
-981737
-526021
885345
-255816
-85531
-784372
301254
245248
-678993
831061
470852
24802
436423
-331371
887485
-623924
916089
927150
-369272
874643
-831447
-939400
446745
192724
-427256
64626
-850610
-416901
305779
310035
484312
861154
191080
-810946
163780
-335471
108069
-833707
764965
381860
4063
-331291
319840
45386
539036
945663
-822124
-406807
-864083
-770394
910756
-279969
-216628
81636
284130
-314396
576974
-348041
771033
107403
574596
-853463
-829513
-965401
981684
262717
-622251
-278966
237103
420357
880357
-540119
-200817
-879855
313783
63003
-300145
871809
-970840
-919424
106247
818428
-571481
-145473
-566398
46137
663269
-157145
801917
-982598
-623847
-52233
-58689
-860903
973933
-116359
634448
986875
-293496
-960439
-563305
710817
-501575
982067
-854893
-699235
113084
779706
46774
63777
510125
953269
800857
316531
-773754
-998507
99040
198652
685782
683457
799852
622464
-440063
-224222
294454
624873
-882642
238138
545679
-581188
-642607
-13585
560625
-786259
-832044
-629530
857920
-214451
-547612
-501
669219
738913
160855
-67156
96634
-431281
484661
948037
51963
616114
-290838
170839
774508
-563700
-950522
994801
-379009
-258789
414254
-417712
683845
-355516
-593117
485026
-998192
-851028
-388628
630247
108778
615270
-159581
-749584
-632725
48710
-767910
-254582
889275
-660396
467624
259508
595557
415709
-914989
-322293
506451
-922077
533915
13767
696620
812980
-46047
984286
930887
313816
607859
-756410
-88502
677795
-933835
18264
728931
-957141
697709
465616
911395
-757164
-810518
-883471
1010
23623
-597934
-962491
-58829
614273
-980665
-935038
-883083
504071
-876491
-294392
-326062
-951112
-397637
271751
249960
-424645
68532
-553794
-957327
741270
-256799
-966818
-546942
212704
-653003
-632819
-831011
-503281
-677316
-600954
851058
403307
-383192
365149
678777
348324
616825
-818080
-999387
599038
-435000
-331750
957445
648362
-521551
-681359
519548
-618959
-135077
322287
-7845
999305
117926
-785891
940824
-616118
212591
327179
-643922
-881286
717442
-816531
950800
-129404
453149
50528
517067
196552
-116323
882506
-337609
-304308
249416
637534
427353
831887
-498890
-873025
-453160
772094
-409636
-885956
99610
390272
501942
-477638
802171
-619348
68625
964143
541354
518938
201714
24906
678047
565591
-598362
-295375
485948
-751502
143335
109922
493952
-936141
-703704
670010
499298
-652692
493566
-463596
-350640
273383
256810
536714
-738365
-143234
283975
-566313
753662
-609334
947213
-299555
340708
877811
654783
832321
-25868
723623
690487
568372
539490
-77146
-752756
-502707
683347
231801
463069
-907886
565556
-296638
-60099
-820458
-904265
-18513
-834117
636860
304619
-504311
-967028
-517223
-90634
-558615
128215
604152
-717582
-260215
-62435
-370825
-392478
-191048
-547005
-809522
-25904
466535
-219714
-610384
450052
-110495
359770
-362550
-407710
-506344
135591
-320408
-950687
310298
648064
979895
-629212
5283
172473
230821
268214
485835
-858268
-291868
460903
241376
-912192
-343794
491069
209614
-137024
821731
-105703
170683
512179
-487507
-70808
174128
-387180
-198588
-672766
513265
153712
-618834
338210
168685
-744720
-117154
-587902
-25264
-770302
103581
74259
-611402
-16984
482822
344790
-284677
38365
-703445
147546
529582
914591
-307242
-87982
849188
-640098
513130
-102318
-240728
-404225
-34329
114342
285904
-892979
486924
309967
-8085
821629
558102
17435
52502
459676
-994649
602336
-348050
-561769
335298
291797
-521889
-752473
277619
-967412
-754149
-862505
-991733
311696
-63961
-854861
148105
84119
653455
141839
-743659
-877340
612666
709361
-723547
349116
-762152
-22500
491714
929410
440823
560441
97765
-667023
9525
811940
974587
832374
575376
852433
277000
136744
864729
956378
792040
710501
426952
-235354
-591184
-32246
-910168
-921929
-893390
-556210
818739
-219889
567455
191932
-361224
-919104
576071
-942005
170872
-589553
576509
356507
309201
92484
959894
-437938
63506
-396271
-711152
895873
-713555
-595940
-486194
373734
-76534
-778965
130177
-453249
-260424
421227
-897885
956409
87102
-148259
-675427
256931
-114672
438622
-202743
405769
351261
668113
-739951
780849
747141
-677141
311286
318961
-750872
-29542
-638419
-70293
-207142
-357485
468772
705191
-962318
-417161
733218
13771
467458
-571999
-567348
59385
621025
269454
59587
-711099
647779
657258
-388629
-830126
615402
106163
-307385
-82424
-707050
-41460
852352
551668
210072
-522848
612357
605115
956068
706609
520779
-607300
252292
255932
352821
-370238
862026
-274869
-177136
786402
-819042
73815
862901
600439
-454219
734935
-895535
-760776
-457758
-257303
-587966
922611
596806
463516
419095
939624
914468
80344
161978
264005
202831
-911509
565418
-820423
-178876
700592
-966048
857910
-44844
-771490
-159661
76616
-869894
662890
-322665
-438387
906443
603034
677921
-229680
275851
-874712
411685
698822
55003
-172145
29728
-410524
366608
-477452
-267918
923099
587296
159156
422179
291250
-325962
-507386
-523450
-336898
-996379
789325
329850
-795201
-760072
-697219
170509
138074
954472
-395097
452028
-194513
118375
993570
-363498
-263082
-707943
937944
-759170
-418053
-165406
-954198
293583
-296237
383066
-830975
799386
455098
-932003
248306
201738
136939
688960
-436211
741353
654939
553374
901315
-470597
-224590
-209328
-575503
423944
322535
-96390
-421491
287544
-232714
-166078
704748
529814
-323519
-26084
-917331
795639
21121
-51007
-169018
786292
189927
-463169
-491991
397522
-129965
-235095
77202
-95741
120624
8046
-788112
173638
364650
416967
755821
631273
-542323
180426
-203492
513454
-649861
779548
691902
896460
-797111
-803645
-562383
-54132
-333256
-265574
417014
-549356
590539
939997
901725
-10431
-579063
508644
77007
-526547
210513
568045
-215880
423632
325077
869906
683919
619074
-454603
856665
-985213
-442338
243896
81770
-79933
-541949
176169
705883
-684950
587444
-865716
-376408
855558
-69281
963708
-673602
756932
-412293
728546
-635082
-952519
43594
568020
-269793
-367921
185598
62535
-984844
-389558
592376
-603022
-994259
809718
194347
744578
277489
-796177
-252769
-336269
-893080
419468
676498
-775790
1199
440553
-432583
-720628
544357
570256
-858844
137521
263138
-35644
-901313
-820277
924552
9065
493300
348821
-967759
956179
-454930
461402
-833593
714665
103801
-261972
-558349
632118
-963835
277693
-65682
353228
340042
-912291
542707
475797
596229
-814192
823253
404983
-694048
170955
545580
-739869
-886417
-287541
772779
-878021
-966058
141970
-734067
473565
-664055
995968
-514898
477137
249132
-211446
525110
646667
814361
-47719
-277008
570077
370687
-646527
791225
-919940
944679
807324
977427
505260
-348078
563203
-300583
94731
974399
-542616
-628211
534008
-338359
811283
-421427
-827362
192044
380919
-491931
-661856
832616
-26896
432637
198499
874558
-604644
228211
-791950
547159
-757293
975428
-556142
-90236
426052
-98141
97763
-352736
-927315
-332884
738736
1810
917174
886194
-427693
-621329
-647701
970932
-463160
28348
-170667
-889617
-179124
-452271
-378956
968461
-13903
35928
-789414
-494341
-554559
-222859
-69466
548696
116173
-895616
-373860
657417
213841
-229907
973086
993385
-705339
325965
320329
-448610
-190462
-375571
-58897
56839
770511
-92644
208300
-23343
992520
-138229
-69721
-928983
902506
-171827
-142745
174859
154365
516861
-816945
969273
-610018
218366
-161608
-86712
150056
561117
775465
936021
-534593
-4908
425781
116436
-835143
-320664
-37774
584328
-212824
-881231
-711919
153231
235400
-85702
-543713
-633835
-115838
-990850
-850089
-941271
-308133
-921581
-726495
783404
168700
-467869
667435
-988315
-756450
835988
308643
446002
-692078
625033
705550
664794
915242
958210
506696
-451075
-705081
-568225
618904
-200788
-410624
-808574
379375
460565
-384148
-505647
79294
522839
-76787
279259
370289
433140
415065
-689646
782859
324324
-41242
-357450
-649377
-241338
968625
-857773
785000
-125134
587914
255073
-336186
484265
-312032
196361
-615211
845486
21797
-831225
259308
200686
539293
989098
369327
674458
-617271
-667783
426130
-698282
597290
333808
76522
-834231
936116
606696
-283599
723285
756881
838676
-157098
592993
-498546
393767
-37057
828497
871846
741139
-311204
-532969
203305
-269715
568169
-426141
266889
-771220
544704
744950
-751423
594065
-297384
-549100
-831389
474720
-263330
-288872
-582468
859596
-168594
194721
461861
-512336
687342
-22934
-197527
928122
-38137
-48328
476494
398178
560577
-118548
891074
588376
194235
-490440
331812
-692612
-454781
364654
-192085
-765497
-655080
243060
-308745
-236857
300793
-692908
470322
418951
-656919
294256
-156062
-450547
824130
854483
-299953
-268420
566899
-159326
519307
275290
748184
575281
-829277
545388
625972
518962
-754847
548670
654478
988424
-649542
534719
395685
-926535
-718757
-954104
10832
787330
-281269
-364739
-298249
634373
-663236
594316
201064
101662
64884
-10797
466903
-783789
972499
-959138
-218763
-208919
-661632
141901
172459
-445165
438452
-821868
8051
246342
585122
-730083
538963
987304
-655230
-347128
-401928
-818778
808505
-842478
-834837
961829
571047
528147
-55310
-598576
840716
275361
-733691
634384
296727
-896685
-698005
278810
674061
211744
-5262
742433
578707
-691227
-518585
896045
321560
139653
-782089
341508
-880927
655914
-498813
-925884
-588238
-166870
419481
346386
461846
519046
805621
956525
304076
-547956
895572
-274020
166478
-811364
-881264
-815930
306302
274823
977373
-87520
703344
374803
608286
249280
-227122
798491
-33819
965777
-44180
167763
-616826
-802593
481257
-807382
558550
9874
732030
-887992
530949
933880
587238
587447
-508267
-383429
972394
-105698
-858506
873585
-901240
385703
-490944
939730
-854081
-153598
-604916
716421
-778630
-581885
662128
-598893
474391
553703
-820460
-846211
-536814
515764
195957
-972056
417490
-857282
945206
61174
500496
793285
-829154
386225
-164512
92220
-476237
962977
-149922
-147291
554352
916349
-5642
-189289
100389
243454
141903
915169
-101396
375886
-640427
-55095
-587325
84896
-658847
155501
353611
508633
841224
-611509
-943460
-111253
362877
-950308
-180413
-806333
-85341
824411
-993319
-71079
-640717
-201693
-300095
-483612
110983
448310
-475011
965040
-246271
161498
439085
-313465
127258
566365
521126
179788
605963
737530
-353365
127272
85521
887508
256971
654811
321505
981535
-319402
603572
-741208
-468642
181757
760092
-940995
-311866
-540923
424012
-635034
859586
-765784
-897121
62660
-205296
-890488
152193
-981796
203016
-28592
387463
-427070
552317
146666
687257
383972
-521156
-837674
430410
-673424
-508494
538798
-683320
-80541
805802
-76621
-258449
-420304
-364109
34706
756600
328457
721183
-290887
-723634
-282804
-341720
-609071
392193
-238323
-290642
319319
-193325
-891332
-857060
443354
-962832
109683
239720
-617261
704187
176735
991800
603292
331972
-810040
446498
92687
826966
-52930
-741364
-176068
-415700
152418
775987
429894
960451
551246
776647
964186
939210
114338
-924494
-750003
-203850
-810964
314233
96850
46450
-480205
398267
96341
345012
-976160
459863
-911626
348139
457802
-413525
123813
111572
579740
242551
962902
-973780
553317
283999
-882847
774016
-222724
377999
275578
-635488
-796402
438649
305864
925618
899270
305082
641315
741218
259735
-242022
-511889
586167
-855639
543666
-26224
-239359
-718371
-460504
136200
-172434
-883713
-540906
-935500
-138691
-151289
-758647
-905312
-953718
866060
-998875
-651134
418759
580806
879846
-726822
385611
781630
-297855
44836
858372
42004
-918679
-40778
191177
522989
-959891
-666820
799946
-853001
270078
-325426
-912599
813594
307983
446891
748577
-379972
978453
973589
-818972
724017
-186450
-127032
733955
-822978
-95394
223768
950663
-923832
196596
622246
-250851
117406
-80373
-249410
804717
284640
873900
619985
-832757
832138
679825
-123126
985990
421793
610564
136846
-37985
973304
558950
-509355
266132
393631
-247988
52384
410137
419561
839620
117270
-762264
309017
49589
18815
-299025
-660952
-950684
336924
-96600
422326
-517741
743328
-959737
354443
-260668
622671
-451060
-853176
279067
-701518
-748808
394414
205025
-495500
-35428
-915830
-27611
-37795
-320436
283836
-504963
222056
230643
290147
-181014
163202
-580543
-334040
223577
-797726
964351
308003
-267194
166783
413058
-113299
-236549
-112461
-960322
958787
-594569
985834
667506
-797741
909033
891398
716161
-143705
-263589
-79405
4705
-43093
-420628
-34142
-129236
40412
925622
-388604
117972
645007
595790
386084
266356
179163
181865
-71870
-194111
-105691
335899
848968
596255
53318
773179
-162806
-934832
145499
940643
-179297
-811961
-10200
-6636
849494
-197221
469033
412662
-329513
44567
-519113
-166340
56152
283758
299732
-123354
927096
261643
-853229
-617696
100028
923527
823975
-139128
-154589
194356
-210426
207117
995175
535126
-17223
-230733
158931
519537
37955
333170
430780
-559426
-579413
-993282
167197
-362569
116904
684962
678355
796881
-806295
293830
-856847
-223542
-592130
-919153
-893631
552856
-241306
476581
472408
-60031
585013
829712
-449707
-969912
-662686
-667077
155446
848517
597675
-685669
989014
19342
-257627
378217
328839
-597487
-450204
-1525
-434232
-503228
122818
187281
161699
651443
848720
-600486
-487770
-493000
-284585
-698537
-435461
302729
835849
-262937
242982
-44821
-46775
-441118
674907
115717
-750060
32434
718714
-119089
-546806
-352869
-984
961321
-180195
-692710
-444533
167048
-756267
407019
384289
-207413
-81987
-577115
-683330
-740308
236013
-245119
477984
-451886
859701
-200
74672
335234
709859
910602
-59688
117878
248754
612570
-780037
322118
-549169
-17546
321685
135683
289289
-524811
692721
967907
184084
-104390
750849
563862
890617
351253
-993443
593463
39198
-403960
-584485
110302
831213
116262
726343
594898
-314972
-362601
-889793
-128420
765881
-574023
313134
644918
947432
-248479
951395
-104926
-290086
754623
-500915
770456
39795
589535
-225579
172183
303289
896076
695000
-963811
318556
-831793
346432
745650
256230
-693035
-48450
333598
-703616
501358
-600795
-225094
-436002
-318478
711014
-617884
742088
-352578
147620
537228
-137146
-377700
406003
553067
550376
923457
990130
-573228
879023
-111505
-397438
762402
363163
746683
452578
-373167
-110126
-705943
260585
-803031
-508310
272371
-352865
47125
-937901
-95063
420983
-239342
784996
-143502
331501
647619
317568
-512976
63032
-463839
514149
-379327
-727251
-221745
172433
613794
459568
-782453
79057
26671
-26921
-847807
-806809
-274170
964636
324922
-753833
635017
333375
802673
411086
629377
-544458
504070
-486608
236640
-571438
194124
959804
495263
713456
-71939
-683938
348102
339544
542861
-910702
228106
-68939
272411
898672
-572528
-777679
-820604
815448
864208
-939859
-201966
879802
-71019
-476518
-818862
477954
457376
-563593
807043
962719
-817172
-777113
916906
474671
-340083
-588178
-41661
-559287
330418
-296504
693778
545382
-968119
864742
-350441
-728980
-77887
6661
556063
-934055
-213525
120301
209655
681736
-731398
875460
-986564
-741597
-502359
408844
-448946
-285018
790907
529984
-950133
-167906
-978554
38583
-614632
992233
-24688
386657
842817
-658044
430741
298177
794554
101543
148968
-474346
829726
751867
-620366
752684
34485
-53092
-552495
-135886
747109
-924864
-32181
306602
-959432
-127887
-684304
-873735
197510
865270
341260
112542
-958145
559440
903238
-431361
342359
154976
927769
40927
-487474
-621274
993644
495725
669019
-205020
243919
-51594
714420
833249
147156
-612167
-214531
750601
241544
-390821
491723
749489
-817139
-487439
214355
458937
-954667
-317253
-776269
-344118
-172931
772465
918621
827647
-296892
-765388
-534500
878241
-45914
66983
172356
255114
222105
759191
-856966
22698
949219
-166955
-149347
260520
605078
374693
-474032
-742112
222249
-951985
309670
488971
-633803
575570
-664728
-624452
419017
608568
907397
228231
-777366
121093
-789865
-436100
-475734
973769
71182
-238639
669155
990421
-22021
348254
-277615
-460278
625915
-396991
-199607
-829619
-255298
140321
-670630
-973034
-792013
-146032
-56321
317352
-552622
-166262
-161219
-172197
123397
839450
967263
-258923
725940
888348
947212
834391
604140
-42595
401794
-956429
524075
759262
471793
969820
839242
-275976
172022
-276714
579975
746009
434610
199884
99374
-675348
-935289
-267392
900836
-289897
44655
-885156
-80880
718174
315896
-945496
-195354
-802971
151392
-219819
-834799
-703470
-874808
958518
-483203
144401
-489576
699086
687038
-781327
472688
-428348
563744
-71445
-513338
-475789
580940
392899
-62175
767774
283795
-696632
-284943
-31423
-104102
86389
287496
140162
762146
915770
89273
894406
-316877
59988
-103924
-291103
-241563
824665
-953573
137829
-22901
149200
-248180
-849893
-856580
343932
-519893
341264
233279
640186
-641374
406214
67410
963456
195288
280460
-925673
164485
786020
954728
-399652
583935
180269
948144
252038
-136184
-799456
-147912
544985
170778
444556
984101
-463514
910777
68765
403296
-501871
-51408
818035
622886
-99267
-312589
-877474
357821
419479
-899293
54712
-418367
233212
-331471
-328225
-149091
73352
-1766
606798
593173
-924868
552528
-833576
628479
-439861
727097
125568
-979694
207873
-818736
681335
-683050
933968
381034
620723
62395
24825
-466669
-916824
388934
-578476
736023
701861
406246
-259397
796
433742
-926747
-763751
-896020
-605390
-697222
-504054
868689
-609656
22907
-21713
590745
-278517
125871
-372846
500537
-169873
-342719
-752720
-423794
271230
202577
165159
507070
-525484
845093
-765059
-182595
675379
-225539
487946
-281236
524804
13060
218372
382556
-751893
-295838
-911963
-261712
317573
-462994
-899973
-219105
-549439
-850303
-377780
-680679
-583592
-601114
-751325
681601
-347670
-10259
155259
191001
42039
879519
736007
-242692
927478
-495733
-585572
-368060
-22187
473663
-808260
149835
137230
658771
-363968
168463
883747
505503
582177
-234833
650038
-34036
360291
-257006
-978937
942728
156958
820647
-575862
364819
-201302
-107706
-660444
-190985
296166
-198219
136066
-135020
-963675
-437305
-929898
-886951
-566858
-714592
155695
-585905
-308593
728339
94900
796367
265749
-893012
-340611
-577580
149131
228553
-862769
153451
251924
-940317
-974223
215111
-701722
84843
835183
241009
-263155
-575793
820075
-260580
-884391
-519781
-312934
27670
-418586
-159940
-771102
-274597
666822
-612511
353038
-167100
-787123
-377094
148780
-560675
-980488
-990750
-706940
-42157
-250118
-679655
-700491
395788
-225435
883498
150125
328017
494962
747052
-712764
709542
333549
-930461
-971466
-584517
-364481
106758
-70341
-754821
-174695
-807781
-181883
516033
-887237
340735
-38442
-482774
798046
-76670
-611845
377093
-931132
815662
257128
661095
452058
-511320
-827919
178780
191878
857392
-647645
-159944
-412781
-195517
687165
896523
-597449
-881056
307150
882482
422461
-216857
-517140
174218
-907181
353180
401934
-604608
-842510
454091
-530809
-748988
349285
660486
-982112
-949156
385657
-689526
268752
-406955
-783168
150464
469786
130772
-643583
488415
-250493
847306
882751
-2130
-307153
-700794
678116
-471449
185879
224228
833419
-76745
938601
-397277
92007
-727837
588413
167124
233426
907524
-144017
-198929
-112522
834163
-558627
273152
99346
246847
669118
183294
-19094
69979
301789
138044
-960946
-690987
-447630
474361
933700
-762559
984795
-238574
506068
-416716
-999300
-291625
-728207
-592660
-800592
114426
933119
143245
-96790
-806365
108421
-220282
-101523
908321
-325903
643346
-611292
-78020
-632190
704603
762142
-894298
-463658
-732487
-103894
-627440
-811888
488343
885899
246488
629669
2038
-39207
-567841
-497468
922635
-782476
-429063
105312
672900
510245
315518
705627
35433
-266798
866557
-96048
166429
916190
-470768
-717699
476547
781083
27979
283467
-563651
670317
294990
237564
766735
-582532
317818
-282512
-736286
-44523
-94400
417044
-716699
-578658
54293
-467864
265422
779444
-112126
115626
787390
-881053
-986025
-569948
-840637
-462463
-15873
-349809
752247
-998873
-650513
-505949
240837
-842035
40249
161212
505675
-858623
-946755
-674134
464091
-721468
890878
-244587
-386404
649601
-279406
27147
-643378
174507
-511564
-988504
553899
765169
370676
-89119
726632
-386783
-151923
156397
-27813
-262505
-74793
-900912
41270
941791
591059
25221
-32271
-89745
-642588
377287
653126
-937350
-431331
-410116
779350
-177166
-606411
-272193
-155031
850717
778263
-85240
834003
-363181
795926
-75142
-960911
846545
-862530
-988087
-703917
648765
48838
-870714
-559884
877111
930977
-34679
611876
-355304
-587085
434234
-807161
148170
-650719
392956
776502
-304956
-325183
-483978
-523517
94752
154545
827774
-437159
515674
-555517
374500
-983486
93607
796182
761945
235651
-802192
818560
-99845
-270878
-503958
-129369
226174
-796408
790611
708079
247416
945280
-374070
-329075
-851640
978143
-955445
33146
-560604
-308610
870599
891396
569919
893667
-919972
-100610
-742125
-478146
-216394
-32360
229840
-630385
-282879
934857
715873
54629
-316918
-897944
-126441
-491968
845681
-2341
-359692
744984
-302067
403046
854294
654839
13148
779045
-321217
-358335
-877787
321173
846845
204948
957100
494156
-443910
63690
-151919
-682295
855010
-698981
297158
417510
-976916
206432
4139
99050
-634744
-822670
-983096
-414533
347939
897713
81318
720432
-512230
353440
-631990
763525
-450759
506798
-366769
307560
-819858
270608
359199
729648
939022
-538679
842318
-39123
-637117
-270517
-949869
591130
723730
-456905
-594973
-943697
-368763
-811711
-987348
827347
577529
865583
-688085
-515729
877574
647296
10090
798302
80006
-790615
-520102
373632
249924
916987
-470904
560238
-896573
-949216
-908033
764359
-785624
314820
7483
989865
-735163
-328368
-273083
-717892
823234
23249
998512
988776
457962
-603273
-474322
806566
-896241
-902214
-758257
349684
-986597
-669161
884440
187106
-804043
228472
-616388
-290742
-38004
173618
-131654
-489827
903747
-279000
131218
-371241
854649
296333
813285
-624876
861044
-631354
-57624
-997315
-527255
972141
-762172
-623781
740330
-830990
-522994
986380
997228
-187556
-665378
-979310
-864524
-374611
-517234
-793463
-149666
984548
-182127
-81231
-447670
902428
-361235
194281
194083
560338
-951722
-628931
615501
-410556
-98711
-130666
454763
697076
-465535
-384368
-408246
837452
96698
519273
712429
-947237
-314496
-266860
770357
170429
99026
118765
781101
894745
256665
792328
-649360
-592956
-623713
-947550
661559
-116604
166446
26297
-980989
721263
-335162
21816
793443
-104847
196473
82634
-596509
703851
713447
-490417
30737
208633
756306
627308
-887123
681932
-322467
-465347
487148
-764106
-280730
757926
263657
183365
858364
-372921
816937
612486
199551
-830579
812745
722027
660435
366309
-378042
728775
399424
153868
935529
-265355
-803990
338178
303821
-689255
-482969
410653
-150130
43006
912770
579386
158992
272415
19724
163086
-866455
-210111
-316839
-306278
-124820
-864067
-141730
157117
-942125
-824100
-621339
-744733
-364920
-928678
764010
-948388
-924656
-10739
-510954
257735
551573
-835425
613589
967341
956302
350199
667158
331050
3981
-663625
919582
702021
12836
-506018
-131318
494689
662645
-542452
534623
947021
996053
-128794
511439
-799242
-334947
-757872
-148341
-11460
248461
9687
257599
940641
847324
131313
319151
200094
-830752
708955
-461204
151888
368982
728802
308274
128847
-588593
-997954
531809
318816
-783944
-445608
190230
-790592
543108
830637
-938778
422624
528376
607690
723255
-180559
-968046
294007
810682
-506603
-397801
-469392
-692344
814452
-92488
-516914
754776
954224
233824
358149
153947
701488
-258787
948358
-831692
804185
-259800
907141
996119
-911333
66578
568277
777469
653159
343181
-856209
910337
-770881
352981
-247663
431323
613925
-600775
54147
951670
-441675
117066
92917
-319057
-471601
300958
-371196
221356
65388
-776127
-566565
693847
803730
979386
-865802
-821514
454498
-425547
-4862
982377
-608945
-882478
667616
-263169
-23703
-11639
-204215
724084
-562601
-946377
284683
827915
-563357
-732214
-732558
788036
576432
488582
-515006
789179
-321402
-971279
-999072
-463075
-124338
398561
-201584
-285881
450073
860704
355288
-341507
-235302
226489
-452860
-168765
-424396
-769054
-395965
728795
819310
-620539
-355857
394332
897668
-462355
-638486
70764
905815
405514
-164445
-996454
964100
-871584
115000
74586
-16047
556178
-486218
715422
-149949
741895
941307
605453
393806
-257994
-723267
-141470
-899036
-339180
698915
-693532
143535
-686697
996241
-256003
445337
-302747
159745
988666
-605560
294942
35980
231006
938088
293827
880009
-461725
-790816
-523967
-487860
-302194
297318
734238
905744
-755858
925806
-446657
850159
-622863
-474819
-171437
958221
291426
567645
-124960
-256427
-953086
-678615
371176
-221861
-74686
984840
-458313
234977
662171
794422
28492
-412299
811531
120382
374370
-392009
503981
-166780
-243687
590265
424563
-945794
-110650
-483841
-953598
-47997
814420
-195291
144553
-141380
-743211
-2528
617727
-968265
-804183
-627427
-961511
-386918
-547895
360069
-314139
285172
-972111
-754910
730535
804399
-614040
-925733
-405747
-111710
-596947
761499
44656
-984509
213184
-86832
377386
580601
-169655
384400
45710
116752
-636567
-241323
-328696
877254
-966052
-858775
759506
-512894
-271672
-32291
357328
-877276
487076
-939341
211082
-541833
-903608
-18405
993731
435651
-918131
-897062
-425286
862336
420640
37575
-133123
-953819
181608
403696
-800156
-844643
-453359
-829223
-361167
-958629
209717
584804
-898238
397829
313255
634316
-690064
-338357
122459
878539
911112
220251
589685
932188
220004
153965
-665492
-739301
843685
117241
-621733
-925240
223758
-637815
-794140
-44182
131328
121512
-340287
751760
302606
2170
-3479
-70093
102076
-554907
-299045
244535
375385
-365203
9225
505616
170614
-81890
-697884
-808191
155138
302114
439296
-789248
-138109
6258
863204
-452682
-217613
-212311
186225
-444894
479413
1524
-79635
-654499
295090
17702
190762
-444552
169365
149224
-284073
918529
229151
-863474
361827
-333531
-414809
701828
-92279
-201873
-938318
54375
297213
951087
-643413
-632528
-189903
424182
-730049
459915
-339900
513469
912727
105798
-36472
371493
96563
-998811
840366
386008
-499296
42834
-144112
-712561
-320939
111025
-33381
589614
-659344
-471854
-22697
485386
-940664
580032
-917995
162506
729454
-23946
410676
481515
113669
722993
-847089
753629
-906053
151009
-199802
-656437
815267
469433
575528
288248
-144335
164581
488954
793413
462737
-297765
-409753
-433
501412
498251
218179
683573
-934248
-514640
-505731
743415
-625886
576776
-897823
108153
-414373
803616
954760
768295
665396
772617
-484643
-764109
-533865
-184281
61516
532346
496156
65895
130696
-564091
655461
559888
-927111
511276
805143
693043
-61631
-698796
-573067
-836419
-409750
-752168
-68070
-248661
-140626
330117
-963501
281052
256609
48832
801175
20226
224767
601667
548388
-827726
-397234
256516
-31817
137884
608304
124342
685031
490708
364551
-955160
345886
665934
58820
844
-151755
-107287
-79729
131987
-772053
-310622
-657267
-105869
515970
-194071
-801456
241610
780215
865040
868961
-911908
-394660
-304672
-65566
931129
950995
483910
239203
-170182
924329
33067
-786492
-841047
567180
-985119
-2750
807296
-984981
-642247
-561889
2250
825000
147121
931954
537510
867580
-968374
-526200
-709781
223976
-728072
-250250
991461
-335148
-723789
-514627
309564
-921018
-371285
-972392
-591371
858176
409496
412260
-177134
954294
-322641
-998100
822997
-290006
920752
-345391
-361053
-356506
-239332
550226
702595
-757034
957957
-187842
-858171
-292097
-330883
-612429
470207
-534240
773168
-524271
444083
-783517
-743154
712001
-291508
795200
-982880
597531
-278457
-643345
-244484
258809
112559
-641273
-652076
464086
-978496
-702536
-322264
-44383
-947987
221345
487452
339236
-913410
-380721
466148
-845940
216273
-722476
701915
-514028
221120
-680193
-696013
961362
-104413
-715203
-449337
-941282
-196884
911243
-517491
96155
243569
-830057
-199001
-490653
645831
914547
544024
143315
-87863
-880524
230420
-439568
595768
-94803
-448784
192756
169980
440451
897848
-302983
-169207
203117
44895
873281
-517411
431947
892305
-219744
588453
-625825
-633819
478470
512896
-132628
671150
-722003
810331
-295063
709936
927579
1019
586722
137072
-426412
-141671
968812
353125
-401312
-692313
433731
-912054
-652940
-178767
244354
599637
-928256
-389793
-501123
52353
-122028
-342377
340670
892168
467120
894655
-245093
258925
-902938
-289504
46961
-208075
569134
117222
-609409
378421
873606
-249149
-413471
784519
435140
505652
-335962
-467562
179642
668892
-710639
-661671
204932
611468
920937
-254051
171248
-748700
938621
-177414
-963957
542866
471352
845799
342596
985785
707164
-931350
-548545
498670
291166
-913048
614713
-43172
-608290
298778
492947
345863
-87230
-5600
-858883
286509
-700178
769584
-539072
698697
27554
-685081
-621913
-336463
377839
799424
-564469
48479
-339753
-420958
-230406
-375860
707840
650003
-1276
756856
-148715
182539
588577
199175
-137030
344547
436034
-903803
-594263
844524
134770
694218
-316946
392860
-451159
-484999
-240837
474980
249774
880290
-510743
798237
715045
-618105
812940
-866272
253116
-230276
812721
964596
-971794
-453529
753846
-261982
19827
974951
977094
-98779
-990395
148882
508785
-22530
442574
-18858
980068
-678045
-883917
-740608
572873
87959
942903
-768677
-298434
919253
-42419
426353
863210
-164762
296895
-78995
-921662
-914478
344308
-934880
374999
-86349
-569759
-80350
752088
477477
-685553
986129
627628
-202023
268996
528245
-378972
101321
212817
741828
-270367
792070
781944
-999551
360642
-774995
-261513
229502
-848633
977144
-406603
999363
539911
-174480
283400
-449913
-324854
267712
738593
-842661
520260
59941
660245
-199706
-848145
83970
-596600
-445621
137091
-288240
-356488
430119
482709
460979
742819
467382
-382774
-797209
-998506
460309
74486
697689
129364
775330
577365
121362
-950625
-41985
149604
-651442
-407322
927542
-908579
-311573
837834
-489610
-331442
-498819
37198
-723588
374229
-296450
398363
-991475
506
-799197
392430
-124769
-408023
822729
904479
936984
975306
920846
310095
328878
735999
900221
-32724
125293
-386567
499297
773475
-514601
-902921
-116806
35876
531237
-230819
-234162
-333109
-476628
679789
617046
455472
411867
-809308
-373159
451084
993120
-440269
-197609
-368506
-574357
495256
855963
432985
-812533
423513
-26380
-570460
-757836
562269
525693
478671
893025
290151
-366633
-758124
-740906
-521169
-893960
733617
-551681
-810849
432605
-402519
756852
-159577
-805413
-58319
342814
-974403
368915
-87106
-940941
937205
-176380
-42199
-469155
-101832
478779
440187
-323272
916388
-390619
129243
698618
-7040
466309
-810479
22510
311514
-530688
-749514
145177
823487
-110250
762490
912445
-472937
196011
830994
282107
-212454
809475
-292036
-555629
-391309
698573
-586384
-860984
165999
-488938
-762843
210783
759010
469854
473660
-820283
-15593
-667128
372109
-799408
111345
-134678
101005
-153058
-834398
868357
245913
385690
-991481
973646
872161
-960355
276383
453803
-404365
874544
305703
555001
749667
-76688
-216365
173002
-36459
43786
-993110
837164
-203097
284902
-948226
639012
53245
93921
323463
422074
-864022
-356686
-18532
-491730
-981641
330222
-230387
218184
-707884
-746330
-921569
928717
-737703
-156754
678821
830733
192055
-413831
955703
-250982
-354113
725024
-892142
722451
-23857
74241
-469236
256798
-689067
806276
149042
-259212
-901887
-802055
-576384
-576363
894475
451997
-919237
934813
360094
-86852
88431
-508113
-851360
-401936
-776447
-986099
-390242
-103289
21488
-121526
894361
-629757
88876
-98922
-5913
-305350
-620653
-547143
-855672
-349922
-870012
447899
-40442
-47593
658210
819199
203335
-60404
245415
656592
702963
-229887
845154
441364
-159236
-68262
734798
-922499
-64434
-741442
334289
-47458
-312043
-579049
-852594
259003
913445
115637
-596633
410681
-353397
-953710
35986
-666828
-782034
846128
592214
988719
55072
-675553
745315
-418714
-596473
-296549
111692
-748480
554914
-373807
803746
403681
965498
-819134
-19026
829531
234408
426561
175050
868100
-207299
105622
401500
-845982
-341295
-855739
-204304
-53437
-623445
621161
-204687
780778
-87158
-601671
-294652
-266781
107278
37548
-8702
-829704
-764346
585529
-639344
808764
-139689
-442056
-687524
355780
-568507
-434588
-240907
-657034
-486047
164865
494663
-903175
456527
-776550
-818766
617676
-421069
-906140
-634681
-971533
211960
-422849
-227425
303307
683196
-220326
-64937
-359041
-507045
-410891
678315
-843885
-39913
-984382
-489298
754077
533857
-778651
-949085
-524268
650183
797083
-141572
-587455
-982919
364150
-495892
-484270
362489
-668474
275755
881037
-35745
674836
634950
661282
-74298
-155064
703392
668825
505559
-717334
-545911
-381206
-280849
968069
-713480
-313173
675952
102951
792168
185060
-435295
-622074
-294707
160766
801731
612669
64434
615770
-15183
-877005
-784015
-416897
-139470
-163939
-914930
-970261
-574881
265369
-813392
430730
-818517
273147
-647364
431941
601236
-291291
679567
-682447
-203291
-869105
-955688
677736
295333
721895
604561
-413963
-397920
572114
-290280
-843671
-516849
-907440
-504722
-360566
-739866
-251715
-694646
-784085
864827
223091
-304293
960279
964686
461581
-307367
360359
513209
727879
-43577
981747
-128715
-811903
-891385
989861
-41850
49890
19353
-793239
386564
200217
565170
519680
-242232
-794049
177781
74484
227695
463577
18384
-282138
552334
198393
759414
879619
382514
963331
979700
172181
199058
97293
-774926
-143946
-455468
285152
731273
675231
-965896
-795748
-171589
690718
-339355
-483593
324499
-814682
-611570
-80347
-809766
364928
38721
-754988
440435
692128
344332
425551
-321196
-47726
-473268
-733630
583329
213267
-311213
81309
500583
334908
-477515
-509551
400881
-610343
-308433
-153801
352459
-61096
-74187
-432
843089
524253
-492521
-794073
-182798
597747
666959
179475
583815
844892
772969
430872
-830006
-931959
-495729
75053
-27404
-946907
223920
-701415
36087
176587
463693
-175369
480085
-246695
-622752
-811816
-405733
890588
-282391
-621305
-839170
-882518
824214
-680729
267152
301327
-873842
-439687
-23137
766367
-335782
-670598
-170197
-81877
-178448
-804311
-231167
362190
688862
594215
203128
585639
14095
952438
462279
814625
639293
-578780
-180222
-365203
-519180
-951167
958127
627857
287679
-823029
-275831
-46950
22513
970987
536528
-393107
-591599
-599912
-408629
-152388
993251
787482
-930340
148500
35215
945897
408382
32018
341745
-840972
931677
570294
538876
128061
-130735
243023
-780085
-472927
-205575
901782
-615610
742709
-660304
-323753
830701
-894132
440367
196298
690116
-809322
-415489
-765312
-137381
-926493
139032
807033
-689927
178693
-629605
-189614
560357
-98350
295593
54043
-156976
842312
-92322
326599
52066
-47924
394350
-146755
-958241
-975733
808026
613643
864246
906497
798286
-429638
-162394
933784
-628454
-469188
-951859
-582936
-827573
110210
-2609
164765
171110
-402262
809311
933238
-296256
-231082
-645011
77034
290557
-70248
306476
656357
749091
-4087
231871
845360
-699942
588281
-514177
-310290
-937918
-124864
-204949
-762046
267761
991155
-512723
-76530
-473849
880690
-422203
-782761
732784
-863265
-130348
-965948
608950
-566295
-490489
-468027
-549120
467462
-793826
-865071
-447188
724863
-949864
-121273
-470140
-337051
-955395
401910
398239
743777
67144
-753480
873815
418857
786414
276409
-912798
-329713
-598513
-383787
233231
-664397
567352
-37600
645663
-58023
-443437
835711
868798
744277
63404
-651661
-316772
860835
657824
584182
-336851
830483
86244
-396418
-717831
-595935
-746129
-248674
-274528
83171
86149
-253108
-474514
703131
295906
-703811
168471
591852
450943
784492
666255
-331990
-957309
884666
-937720
-661942
475721
225840
-80887
747896
-882294
597216
-608728
922696
191783
-256535
-427932
971012
-213482
355992
737057
265892
-750874
822315
202944
-920357
872048
665650
-966438
-434738
452636
70543
415258
534368
-86451
-799332
144308
581032
-866198
-497045
767366
-157436
-939126
800552
298057
-964281
-394437
-869733
-810252
-693363
475888
-602166
-819539
-501968
-534908
-893764
932332
22739
663663
38999
-283729
-374373
823812
19051
73940
746494
332260
467144
-82666
971187
597251
-77303
-636506
176457
279380
231796
-58779
533716
41108
579577
895548
-837054
-607440
501080
974233
-287797
309332
772832
-25338
-745977
30482
200658
-203673
-831975
-109525
251108
-655280
66953
733436
-530591
-949375
-819024
682119
58605
-871169
859468
215453
608615
-871472
692915
341414
-45465
-264366
310309
108429
470503
-459080
248762
-748982
-289667
369954
895866
181773
-804026
171992
-266357
213892
696415
856868
527749
-21431
-590195
-721463
-601758
267371
-818692
566563
-896367
-237929
853541
522972
54825
153700
-298168
-710968
498106
655800
-765415
941790
326720
-581287
-35593
859476
52529
676500
574423
657622
-67274
-879740
149311
275554
780406
-703873
881647
747075
846221
-221533
165146
36519
542235
-7176
-378159
508127
66937
-508734
412289
-53196
917127
-988698
-419949
-903840
303009
462966
641585
370224
-697296
-570661
572201
810420
722140
-11618
302058
986911
-632225
-127917
-167510
701506
701173
89890
372906
-4192
-315920
333939
-687343
571821
687335
-526667
794997
-205272
945166
-964276
-933255
245394
-668894
708757
-789232
-7223
132731
193303
-416416
-271802
-96701
-995513
-937407
-251920
600901
94327
317028
936730
476511
-411555
-772207
-10720
695698
-79684
664968
-755687
473016
-211535
-323959
-537287
-605611
167580
635759
-949434
-191995
790569
748408
-642123
19605
679034
-461024
174433
-476242
609651
767786
717031
-511571
643745
-989632
-764128
-450162
106440
-818254
-312388
835078
-377337
-712230
-961545
50351
-147670
476192
290299
-376354
605324
881562
-581550
-550512
-389977
32715
833414
3715
921786
-232052
-972840
48226
479765
713865
-454503
42136
-506108
-390942
-690009
992966
564694
338289
224264
147919
-355831
-257621
-251876
-512496
-729197
-803169
328066
570797
432591
-335460
444810
-624249
-674813
-803984
-592430
-474166
997642
121802
-330369
335138
747171
131393
-664678
-136051
502612
25198
-175868
-422453
518140
-495565
932887
-766349
239220
722463
428507
-238432
382945
-729622
622434
617288
559130
740379
-913983
858028
-886608
-871991
-705749
655723
-627042
-902531
-778837
898994
-925042
895671
141566
945550
748742
-531704
55306
-883614
829485
-521124
63487
-13452
197886
491866
185609
-584927
240136
631524
-598225
-431055
-976993
697145
464331
-179131
547491
-13766
486310
617709
-364246
-779062
29871
76374
554701
-801970
-177320
-668767
-539252
705747
-592114
-470578
827231
638415
768211
-691497
-260134
714496
98553
921689
-433029
-543247
29564
-341651
-505965
589083
-582147
-256234
-385201
-607960
932951
740562
-139677
-502573
267232
895955
620370
-465685
-529858
-941240
-629668
407285
208099
598228
-440957
-722959
614950
698784
-244036
-105163
-499841
-275060
-325329
-842634
-108449
925056
-796117
780006
-897622
900193
-101462
315511
534098
89888
804731
539325
-895343
-696852
-443246
39793
766915
-781817
-87320
471825
-611363
26934
-535920
-142299
-80370
-86446
-991912
-789475
-93328
-46596
938008
-795689
-499093
-448018
110106
868924
-514905
-971284
16421
645898
889771
622936
-94936
309932
24599
-264091
-943232
657605
180090
583012
-501146
-430901
-162095
-775622
271480
-565040
-73571
567795
127714
988253
273055
357999
-455127
-989705
988339
514234
970516
-462141
-273338
792442
-941769
-647099
-617226
58625
357277
-487740
197317
440707
53137
784458
827640
712161
85769
114631
123026
876323
-813008
441301
68328
-323835
-427121
539031
348385
-172376
521943
-290886
-26292
-815895
-315827
383773
520542
735951
796882
915213
-81722
-311778
-324338
-406359
573935
-376696
402745
586341
597586
42499
-599931
-605910
590069
-277450
-628821
226073
-87933
-863731
318225
-199696
454921
-676884
-581483
-942330
-340917
-620673
411897
574576
451521
965168
-421653
339910
62129
-615118
822575
977151
-471190
-78534
-89237
889593
392218
-318898
-154865
-199146
609101
-425034
-712481
958080
-398334
-718322
-332898
977676
-116373
676989
717400
-346564
-82238
236672
577869
-314529
-466493
-642592
788853
-583597
901450
-831678
167604
-221973
571017
228829
240156
-290709
-793499
-8122
94681
-907856
-770834
-844953
662205
215405
-752007
311950
698601
-646769
33500
327841
518420
-758078
-493370
-987536
-251141
195853
511800
-538333
-933659
593945
75044
353874
-753070
-671345
-198624
-806477
611904
-712417
749767
-601746
-48743
-307044
141613
-991219
-104388
4292
38908
-789361
771238
479006
363568
698524
916285
470396
-660117
-644398
-448839
231968
246517
27197
572847
544635
-728620
-743322
254012
-262384
856836
-768510
972362
-34440
966996
-856245
-239486
665726
373469
469868
-816434
-567446
40735
-877930
308745
-110117
-976711
116528
-897978
-301107
369733
-623317
-142406
-480837
-623154
-424845
-923449
899038
-136338
676481
-865755
61075
-981367
600077
304175
819802
70688
-443935
639432
662394
-645422
20553
-73240
-187965
-475914
216103
511687
430572
681165
-392925
-292188
-873318
-955161
-810369
848690
-34558
517397
147592
29344
150949
-216441
126888
737987
-779206
487681
568089
-432157
-220374
-527682
399796
-608865
58549
747489
668008
-535555
-584398
13716
-471994
-583406
-28813
-706624
-738888
-190006
-925882
343015
-136110
180437
552728
-682847
-220608
-62289
734773
-173647
41439
-553271
501803
176579
-386583
-343975
574412
257092
216392
-478917
69969
-381602
914571
30850
-304101
-941041
737270
364576
736917
-707355
-720205
273581
-870986
-585640
-732633
-679465
277667
-465853
336864
-656409
755697
-936063
273194
694124
149512
-298464
651713
-923386
900003
-990779
203680
-929327
469491
-210916
-870920
-898709
-906781
917497
921532
366500
-908297
880656
339161
205889
-617010
-750387
738179
344045
-985402
-641711
275499
967741
-74818
-376182
374925
221790
-322698
407278
972517
-384162
193171
729556
631617
-996845
-615616
-757521
-102414
-104405
-596754
-778649
-234212
295890
805179
-775658
885997
-764678
-500367
-524708
-189334
348490
813605
-53857
-268315
-20571
600192
706786
-663669
615509
789914
-375423
-538854
115668
-989310
521990
764975
923319
-756902
29355
487741
-212424
-396897
-574611
263066
11102
-513785
-375094
-49869
-584373
-512893
-695145
-295200
393761
-362908
-476032
82642
-956910
-906854
-611172
-447191
994436
402839
-104661
-308446
492893
-48943
-13328
-612370
-585104
-360985
-287707
194462
420867
-664613
205344
903097
-178436
-663811
-180352
822512
-593752
171753
-644973
-162839
-389464
-854105
-682808
225847
-639495
-430736
145355
-781461
111518
859280
979395
886724
-389140
-204697
832932
702977
31858
925321
474289
766551
116355
-600443
318226
254335
366945
-996541
-906995
-332058
925319
-107514
-636572
-388344
735379
-755950
531787
-673321
38990
600167
257797
500181
-942119
-273237
-203878
-544319
-992649
-809563
-866377
-531
-863631
275941
-882526
-736338
698538
672386
-816680
-966034
840383
535548
4036
-865572
-652070
59712
124190
-251838
814356
352969
63966
998134
36868
-982557
-639268
585834
-170647
340362
115078
-823969
24175
388466
413629
561462
-289246
928544
-691764
-71193
351852
297397
-878203
-265206
-375348
-829109
21242
-717293
-4714
-744840
-609707
-141797
-535840
829808
876245
-829223
-793968
742599
355045
580015
595072
-656173
-655013
338657
145739
-759377
281674
345184
565175
-106403
130692
687429
-456897
237955
153391
-390695
370491
-738986
-742526
-356783
830766
-771052
-6115
656663
687276
-466517
-898173
41923
689766
466039
-440267
-275160
762836
-571735
875499
-978421
419197
-367293
929009
96239
-866202
-703553
951965
851340
522901
-580529
66153
-854819
-290112
712128
46769
462424
-316649
535672
384266
-742983
695595
-654434
200892
747768
-229511
884184
98910
-532775
-737129
297647
99085
940450
403706
-340720
720456
454246
437730
316268
-822421
-354560
213346
-535810
-440378
545180
222223
393644
-346022
625647
-252859
-128505
932911
-766586
-64751
-488211
-23979
-16068
-443586
654798
658293
-115002
-404353
-397045
952978
199272
-635210
-211974
103266
-853814
349023
-340090
57027
521061
870940
-566668
981212
149400
453597
-450240
-657327
-198057
-581077
795558
139810
733571
-429166
552892
-393183
-69292
-365527
-24132
-588530
860914
-869185
-347808
-244272
-87901
-100316
762982
-424366
199583
-11247
116275
157432
-420480
70325
-936300
-635075
-170795
509148
759711
575851
232790
-300738
537912
606837
325809
556386
-389457
-70796
708483
-372435
948103
733884
-188190
202891
-296494
-50661
-536681
775097
14264
-412498
-370071
746284
-805354
756575
-152300
-700255
-792126
-551170
323545
-72510
-66195
91259
226479
447986
60962
396094
-70377
329269
617323
381091
457997
-798273
-569838
250133
-997862
876312
419717
-380346
-681209
-124184
708563
-662520
827820
628837
-607405
-579637
-205338
655317
-394653
-37836
579622
480962
760014
495062
-638298
719546
-563641
-295665
964023
-490944
-320238
-356351
-951113
846803
-773438
152620
379934
-878312
-94051
-12251
-622537
104102
-112101
-367115
-357653
715886
417037
983313
85816
983493
889947
472945
68673
-94832
702694
893646
298752
-949109
-171764
-626691
-355177
670262
-394423
432611
962115
-696740
350074
140948
-839311
14273
490429
228621
873835
102503
281845
645897
-57813
-154243
-899734
197123
512720
122341
-522739
-43830
975278
-158240
33625
978362
365312
-817959
406356
716188
336184
-749109
611253
-465764
186231
598991
2335
828899
-164455
-41915
-9717
613713
984423
-654305
109893
118360
-741520
890693
-665459
429432
323953
591016
-795298
-77486
8945
-642329
284363
-982420
-184726
245527
-781564
-820096
-785375
920371
370040
-139519
869271
-653280
661653
-129749
927384
-584102
818602
46149
141680
55745
-860946
-890122
-192707
493050
-429158
801729
666208
476163
-730191
300319
540173
-224297
-138272
-887624
182274
584762
-491265
-94659
-529067
-851294
44087
396005
-15515
102338
-529218
-807551
687602
599476
-488898
-982082
-588343
519105
731605
-968969
-209896
128336
-565707
-426315
-671648
-815254
404842
-121916
227976
-212762
-980804
-483854
-562931
-220362
-775254
541671
693719
718668
304151
-868324
-830041
918442
601089
308858
508077
-268923
-422293
828943
-584393
645269
984541
-616593
975747
629372
-30846
352165
-789835
-187952
964079
-565163
266212
-894777
507779
-618641
-244018
-600834
-291479
409490
438060
857446
169914
-691845
-319839
638667
14784
-941016
-209845
265218
-644522
-222835
282620
-491089
-330133
202994
-537725
364336
222501
30311
-389597
-394966
-752607
-568987
-656603
-633426
33753
184707
-488567
-940537
-874849
16209
943064
-525150
-998586
-706859
-972267
191002
-345505
427296
-373038
-867360
-362591
61451
-272034
100996
455906
177683
-116196
483490
751810
714830
141423
-704405
56679
67081
770385
542159
977634
-682239
-577405
561604
690352
-47046
420063
-593482
-754339
-427522
541001
-247285
998211
-111883
-188092
9937
-279183
302686
-935648
128775
-874329
49896
797265
983301
889469
-812881
44892
209033
652066
673750
1386
530782
338242
35901
411775
-599766
20737
980191
136900
-236331
-763739
538443
-159360
816146
688720
-785347
144165
-454005
911466
-385831
502407
410285
43549
-888445
-682073
937357
800378
934365
68654
-855691
-542663
51678
93941
456976
36125
-943604
-895423
417453
381302
-374314
7436
320563
-990144
875536
-800642
-775774
-602391
428555
-808837
614081
-650832
322896
-779434
-165910
-544471
598649
614691
-135186
-507299
296237
-706263
-3162
34318
-759114
209398
956567
343959
965697
650253
-787007
-107918
3889
-990149
-475132
364884
-871009
-859128
-442192
-785293
82802
766280
-381144
674663
370968
-243119
560689
-700626
-985378
654150
-603556
523594
18034
-961134
832910
904581
76146
-464015
-866647
-290987
792240
-43096
-816679
377306
-15867
561109
513021
-382973
-514737
-398239
-539985
919249
-249464
379921
-269070
730548
622596
268348
-923401
-282479
-548537
189975
-503540
-407323
-498816
617004
543138
123779
-795226
637929
-718471
-715655
421166
959445
513258
-22511
-288922
203869
-800560
-435725
669809
-183731
-105836
743784
-54689
-659622
692692
38073
-338072
-953252
-501834
-62266
582809
-501711
412242
525612
-732485
882133
-813077
86630
-158364
83003
-860504
592782
753368
-432409
371324
-42392
831321
50611
-818617
-361381
665872
-726701
-78309
-916211
442535
-931965
693531
718489
-196109
562639
317184
555376
-618161
277886
530613
571337
973060
865180
137250
-772410
-886684
-560349
-42105
873765
-820490
-666682
-494210
313631
224459
-779559
458530
-711072
-182801
-993056
-207153
912548
-693637
546994
-894081
665195
376904
-660151
6355
746968
-844866
-373463
-698573
644652
804938
805867
-830452
846169
-255250
-925210
217528
-918714
823666
843640
739836
-276321
512824
-47754
969386
-3627
-675283
-498770
725607
-891847
-376613
243349
768647
-659792
-313444
-421486
393492
-608236
-820246
-657050
322414
187176
-814127
710710
-759156
-350283
694021
-393930
923744
745285
532624
-27276
-569127
-237701
-503261
374718
-351230
-312307
87182
27185
-952120
661472
765515
-952864
225368
97983
-531531
-645091
-216665
-542281
249814
-540569
-881781
38545
910173
-456336
790023
618605
-683857
-161463
276260
-492681
246932
892076
-319878
-578231
-427118
80870
-216626
-194723
56279
-957601
-205483
566061
-312625
806599
-930153
945769
-128170
408799
-891537
-963244
24199
-779935
-256337
-550724
270643
-897651
497504
579860
-996626
-307374
-46298
590255
833731
-265835
-642750
-460517
194311
-964448
113970
-388968
-955701
831786
-987149
258100
223723
-755073
754406
327556
-169021
-401716
524752
439681
328706
742025
49276
114556
557334
829571
473979
-113089
-137401
188805
-85876
-344510
399840
532130
185750
-295033
130055
233250
-718510
61971
-330450
-300153
-180859
-705015
-803294
-228166
-116629
911716
337217
854487
324016
-907440
-936760
-185582
965399
-127322
761162
851012
-830914
659842
-599491
165270
35064
280067
441391
850376
434650
-29921
873622
298911
384594
541472
319044
998377
529520
399935
-147207
251950
-783032
-744997
352659
345205
-741520
-409130
128864
994736
-67803
-771827
-448748
784709
-774518
-155662
-466730
-980423
-501488
239559
-493580
142203
-688783
777208
40376
289995
-282411
-517610
-5806
25797
-876392
130796
-341388
-619378
-192605
-275008
-826627
-959719
149751
6055
280013
810135
348232
-780539
-59209
-125191
856646
765729
185748
-783965
-468234
476257
-273292
-587218
672575
403238
175472
-74790
783361
-23354
395803
409103
-864544
463906
975511
16526
263583
815204
-434621
-801479
-574042
317143
-258158
674555
132262
-405149
-257033
446165
-666413
403619
829692
751622
729680
-545115
411634
896599
-78039
621501
-63805
14464
-546055
309382
22883
357434
7980
583927
-488731
-525470
-851873
-19683
-264534
60103
910692
-774406
7476
492432
819937
-314118
-702824
-996659
-521064
-772978
-35694
-612328
896321
523752
-652237
-763545
-423277
715985
-282443
-717198
857057
-585814
608879
914619
809313
425213
-865821
971583
-464375
-430273
9461
-474057
121875
898980
563895
-989045
290079
-731105
919903
781268
-246410
364533
601178
970892
304492
212477
-643335
611541
-750112
-672010
-864054
-473630
442974
671109
342786
919814
-103709
549961
-953963
869335
186816
-137060
476136
-441090
822423
-222231
-234978
793502
-490494
509477
-955889
-510625
-714668
687852
142551
-94314
-845449
-334024
427658
-116589
107252
-312256
439685
515206
-706286
305643
74848
-353010
70677
228847
801151
-864800
-83161
-149493
305864
604688
917333
212829
51695
-58369
907440
-104864
730476
-590750
39060
197638
-186994
683114
-647035
433262
592425
141973
-647499
96707
-607893
260753
-969182
-451280
-594739
152520
453596
825731
135205
-399859
-67868
-112163
936792
-330911
798768
682387
482348
438241
-715188
-618331
-165573
104016
510746
-997415
-999165
142909
875706
745331
-978277
785745
-877564
311186
-631040
-838985
645298
-667734
463118
-410968
-467429
-549735
640138
467602
-376934
225384
-868004
-134044
-576883
388769
447066
788344
-679559
-668472
-585793
259230
948555
986359
636474
-756927
-254279
925849
249507
583865
442951
725699
91848
797868
664550
360234
-686362
-994655
-40521
-85435
379699
-478941
-903699
-6528
224280
-182258
901456
-212583
-274948
-268039
-838819
796699
507324
-126144
-353269
-997643
-584777
144300
849960
-388937
102789
625217
627810
-91416
-874937
226469
986722
100742
-428007
949160
775827
-623973
89380
164468
-255359
-649096
199249
-702254
-210724
-759023
307224
-196330
-940133
626292
-80906
680873
184893
-80153
-877571
736561
-596822
586142
307973
380127
-392648
-29930
779520
465876
953931
-715503
416492
-927823
683284
865966
-388639
-289606
-894342
-297308
744010
404901
-659435
893083
562224
-617467
97238
-728537
575794
917966
387269
550753
286609
-617596
-683293
561572
802920
-416251
-103762
-299167
-23688
416367
962115
-806496
-28127
570671
545309
471700
750317
-662489
594299
179673
872519
-634245
-440736
216268
-512311
-829575
-433868
513159
824499
-704862
-805368
525943
-483209
-701351
-753289
-564836
-758160
264743
327592
-777123
484659
461609
-395921
521478
-842626
-920553
999443
-111905
298830
426609
302250
958314
549261
385352
-817631
-122312
17511
644390
694360
403560
-284227
-40421
609002
-980547
-61133
-459675
-67062
75867
-892188
-953413
7945
-818018
-913227
13878
87540
57239
257735
-435236
-117543
-828379
-254714
-466741
925994
-961365
438622
-776577
-88645
115443
865294
355648
-708506
-902369
331156
-636885
649166
873159
-422200
139354
766016
-439500
-851067
626867
-477771
615992
-399230
-739510
768116
358056
991678
-656396
53588
798456
-659302
255337
761631
862321
-281984
688660
-908397
-436463
-190655
333435
-363774
865663
-971907
388550
542489
-332503
773435
-605458
-805699
-67716
-643303
-921725
-738543
-635329
830493
-630375
-460908
-172275
917801
-571056
194152
572269
978829
-328193
540973
676367
467639
-592643
-261748
136486
611973
270091
189520
544988
860475
-654111
-883154
-905482
313232
669140
-189787
-555002
202595
713120
-737920
508231
955147
381016
205305
-797160
625356
-580377
70648
541720
-433947
258114
-796423
449498
960453
510124
-153461
100933
413022
-770779
-288140
-343669
204051
-419728
76018
-657596
-558005
-980416
727068
747174
-870489
-132354
-609945
-5405
-219568
6969
-704443
-974432
942313
519979
-454680
-454387
-926300
-208924
862885
501413
306800
-792554
-304269
-15100
692304
-668676
559122
-975264
-246329
80615
606024
298661
392304
-733594
-233786
133681
-476630
-782831
-898006
-737367
396783
634610
-624482
426486
-38970
-150639
762781
-232224
949327
861211
2646
-896955
835708
538030
-209623
-940427
640863
315332
-970290
-98387
-889059
634553
-364011
150319
791938
347258
-130745
253690
619439
494668
198188
21419
248174
852918
668326
-975248
852262
299661
469627
-825691
439401
243738
187568
-628595
798123
-314135
475024
658734
297358
528561
-724148
689481
-256296
-917797
593468
-99084
657414
144817
-261180
-179370
-111110
256548
-461742
25471
-842929
82873
-628093
72929
209357
-382702
477413
156783
-212744
327957
487895
553681
-29629
986427
571789
-445631
-553886
988791
-766544
-668667
183101
985408
-767454
317193
231808
596797
286175
713112
229199
51852
166911
-477641
-403561
-849360
-363177
-895330
82688
-385003
520256
-974892
564478
-300352
-967313
671334
-616697
338071
-374013
-281021
214879
-837814
-654946
-573385
-669169
-87843
-109014
-305534
925044
-137388
889149
790421
-685325
-812294
533143
-271000
630474
-421683
757192
-493062
609666
-941047
797935
-744602
-860800
-94257
-886499
69791
-884805
-984846
854487
-372280
-820472
-506785
6970
-177486
-767086
849062
-401863
633459
357
-907735
809730
-613601
-896343
-748960
701312
-536026
938859
883142
-879751
-404918
-246761
-281501
855126
423995
179714
600951
-354301
779088
-887772
-793536
-428691
914532
-60445
-931352
973096
-68149
930954
352911
284851
537712
559448
-584592
-94381
-318579
538549
-642638
844955
-322299
542464
463437
-761843
416225
-814973
91159
917211
-5403
327688
-606997
500294
-768946
-894587
-913804
-135000
-399189
-734094
419099
-517107
715605
-350917
-359029
974971
-812147
175697
-532771
697682
-378064
533340
-778779
26830
-116071
-256629
-572392
636586
-813677
825995
-742504
-437793
922361
357653
-577314
644363
918253
-444894
446723
-795796
161713
-731334
-283733
-686709
-215515
156522
871311
-823051
101853
-853804
101797
567844
750814
408672
692077
679933
-223498
504721
-212134
-756237
-413643
-148110
927708
-19895
365835
538799
224262
-135436
860416
659263
-907167
327710
230410
104383
878796
-928825
-547442
433115
165646
577158
390390
235237
740346
-170770
-800277
294279
-110147
276620
361903
-693483
819016
250764
397850
-414852
585300
-595205
863023
483032
837014
-315226
398171
3745
634241
-871902
-56247
-780412
171955
-204699
-639132
608592
-883459
-452206
-183574
291335
776210
443090
396074
528021
642379
313181
-239270
826781
396436
374169
226455
269806
-530313
296921
615289
-837356
713539
834118
957778
596491
974168
205403
-263420
552207
199570
60426
-783364
590351
259152
472828
-486577
904767
229152
-810250
-904465
-722995
71560
-550185
459529
582315
531827
557245
-984193
-397941
943287
503112
-862723
512361
-735297
-90890
-373190
-325439
6874
-36562
515789
850914
-577505
645592
-479319
-584101
190842
790441
-608585
487697
423640
839164
-936305
384242
514155
-484900
846034
394820
790042
204318
551334
307351
-687991
-637653
-821809
-929831
815808
651612
537319
862344
135162
408830
-684230
534146
-28788
-262668
-105920
973688
204400
918908
554551
-154239
883822
-675446
599645
-46261
-474138
436944
-968761
882028
-932804
304607
917857
579296
723303
-121725
751593
-767880
-95462
707115
-381021
-323283
-539985
-986531
