954483
83087
860547
360340
350507
823846
-551974
-495389
721299
768790
-953534
159661
899481
736366
-602216
634749
-258522
504589
-492508
-249085
150029
-26319
-672928
-836052
244509
275741
-332970
204893
487894
704871
-622809
-155061
-182856
-649893
-786521
357625
-34506
-851825
-465882
905039
795338
8197
-983606
855508
429090
336758
654616
-241143
993912
476481
-847343
-812831
-702337
638832
166265
541664
890233
-753694
794675
-324658
-815387
549275
414791
14232
-930730
976805
664966
-907964
977887
-98528
-726843
65551
628523
-956435
163525
-881755
-894167
-614797
615987
442237
-366236
680972
800714
379598
442608
966288
-725098
999601
799616
483836
-168108
-262828
421269
312766
-568586
-347176
361553
-53217
-713406
-313655
-34966
840013
-271590
503607
-939206
-246396
-453546
-861451
-899982
712281
747341
786029
141167
-309725
-895757
-739170
615589
57990
-119780
340788
939064
-622563
-961569
773827
700201
662595
-859498
-644961
980653
134014
579841
88026
-289382
-585207
-743670
-838949
229882
-629251
629923
-462057
-948542
-290021
955339
75887
-49891
734904
277424
-448858
-828447
929606
-531089
656765
869795
948731
449911
-501010
713445
-460257
-903541
514945
-195090
-611849
74598
805453
-89677
176585
199544
-204273
-180367
163468
80975
-248864
-649764
-345042
-421487
576406
778097
-183551
-93915
752954
-667288
229187
411506
134561
71493
359368
-802113
-987095
-321394
560838
92602
-146287
443415
-951747
-828268
-982154
-463239
-818303
-638263
-422682
927137
240613
630141
-844381
283268
-51834
-273918
837878
-571664
-298575
-807178
-413780
-385410
-623502
-178678
-864974
337444
960570
-619683
666184
-974105
-531028
810886
-382363
-379603
-634876
-479439
-166488
474672
-735836
202464
112886
-127729
892605
-260525
-989516
148223
-78570
674051
-324574
-644706
178300
804168
795858
-730648
-945849
-61158
539076
-696894
913924
609780
701856
-756428
-722876
-502060
999312
939188
-66176
-72225
52663
364445
119335
-61743
-504769
669126
-435468
-471960
-152305
527699
191223
-921296
866303
-902506
-10691
-534528
-67735
86709
-569465
816237
13476
190682
-371544
966533
-310983
-88573
-107128
327589
-173904
-481562
-133308
496760
-702333
-811522
-826765
341004
-701644
-522698
723204
-179950
352634
-983503
-593853
892082
923031
838068
719098
-780535
-263611
-583119
49588
8256
-892466
658673
-751971
719946
74555
-34724
436101
-617415
239396
821608
-867581
391486
622887
-776036
-32458
583867
755828
449088
645927
395015
646020
-310749
-363318
941757
-355607
8328
-641757
767937
793921
-308306
-690810
755153
-376764
678523
-807178
644419
402557
116804
-459345
-553247
368918
-255556
417472
-200099
570699
-181002
-710705
74226
369537
-170856
510721
79130
-431505
410910
-304911
-681114
23802
507720
-838435
85245
-985057
-439774
-514976
-149197
-678518
-826962
-248487
-694459
-908349
-375505
-953621
-904529
-226296
-990572
-868578
109226
185269
-512896
518820
-131387
409184
501106
-469323
70047
144257
-85994
123035
-341313
602574
789927
-212918
800528
841893
163071
113959
-191748
-303965
-826820
946537
394531
3154
355345
-394211
174648
608382
-693594
-826301
-399496
-121048
869677
835222
90568
-85100
763267
408041
-683797
776189
211838
-483411
-326307
70249
683481
214927
-876210
-194921
-313799
-145346
-529090
502420
-966565
-4278
552625
-341395
-494371
900008
-31216
-548866
-165723
-114990
-26212
-673943
-735630
-359925
297999
351395
481021
-761152
512593
986664
320459
232074
552147
-211634
799122
232145
-754420
-973385
-795323
746250
-850162
-641695
-621506
742560
682820
455640
821512
-279055
-894901
-8565
-150586
435567
87017
561467
928706
-462489
665774
-409969
-282346
904286
971174
413125
704241
-269033
-840393
-406013
-119801
-807502
-473058
-519989
590743
541551
-356608
-940915
817434
862351
-476497
525911
577669
498011
164476
901160
-4677
-26306
-447692
869346
-197357
841485
117816
-104739
-290815
76136
-408643
-36200
834019
-890568
-894308
-793462
-613014
440279
712022
-703721
613667
-306992
109992
-616802
487329
69691
-192441
-88529
441289
-570549
-487879
179930
835258
-337821
-905008
876706
261079
188514
-143805
435217
572274
-487296
770538
-804507
-785898
946768
-418666
-700056
540401
-605339
-421878
-788771
653020
93073
12570
-550890
266249
-865463
-29217
226595
-840504
-163804
736916
-996060
-964747
-557694
253713
371648
932482
-420535
225249
698542
-316771
230475
-232446
-664848
-707075
-47037
675640
-272864
468814
461566
993934
673763
-749129
401943
497898
-209030
266628
-616741
-972468
-590857
99445
22219
23075
114444
-733534
-732609
810572
-993665
-419831
-342361
70824
886330
593846
-197267
-863016
7166
940686
608119
332440
-8392
-87625
-8376
317109
997228
-951513
31558
43820
985934
579784
-89834
93793
-624401
193605
226595
934264
-224876
339700
998590
-823212
-955229
918880
768735
-114518
308407
-799886
468490
-867263
-395566
392379
-202803
819144
609714
-936864
581990
-120109
-762820
692770
-537727
-269324
-261483
300808
437534
-86030
-907312
672300
860049
-804567
-247231
-104288
-713437
-138755
-939280
-375173
-644778
-485764
-343382
-68605
-951738
986256
463281
594296
-14293
-132003
-501997
831867
973307
-185923
79512
-421863
437804
-55851
294612
804600
-695657
-834092
225629
-413027
-944776
952520
-747625
-25128
148114
-556388
-319573
731981
-383760
-484558
-135786
94367
22982
415641
-448674
81338
292597
813291
669535
-200259
192429
251462
-61373
-441853
-343635
767717
-301936
-730419
521766
187866
-182566
-584947
-400451
-584598
940954
-857391
463279
728453
-691817
-327221
-530800
631264
-641407
950009
34220
329521
-491747
-127755
104078
-599034
-175591
-239781
388382
-907453
164097
-376622
405477
708406
376906
387129
-879123
-516264
192012
-773392
828996
76835
89293
396096
-316257
756747
863992
-229528
809626
593178
285677
-799931
-66915
-238165
232242
-267875
133723
110530
-521785
167816
-85900
-463737
-706154
-196229
-568646
79453
637577
514930
-563695
-218973
593974
383545
-840848
249223
-8266
-440188
-870782
-77677
859545
-894605
775412
225759
886455
-135107
713948
302945
969253
990783
116659
272107
340599
3282
210662
612039
-799247
-502768
-185617
-674737
-631125
263863
-812785
764828
545885
-775643
-306262
-783529
510925
980611
-460098
-457173
-642222
-325249
-783871
-151717
667396
804401
-583017
368367
729986
743839
246765
402570
-332321
-757924
-419019
-475433
792873
-372789
872574
72098
93464
437761
480623
-195069
-985648
-313144
83615
-866124
-173869
-716224
719636
-79612
-533626
-119519
264535
-458268
-558882
-873189
-818640
-984545
246183
-138146
160004
-636377
276081
-749643
893255
435466
-275945
-59059
108959
162436
-933011
700052
532375
-257107
896389
457789
592508
693587
678558
292832
-828456
-370974
-760022
73277
-247672
564224
-137349
-690783
764668
-493514
-517367
314081
973195
514376
-552094
-554749
428017
408229
-85585
755581
218854
-112135
987102
-912235
764763
-445728
739313
-150169
702548
963254
-229405
-208635
-879780
-765814
948274
771384
-45398
522033
-759154
-593819
-967601
482806
-66788
47371
559128
220655
-535833
-338583
871302
197227
219108
278589
146919
199175
-374240
-871386
904208
855008
790664
-538197
-731718
-953118
-517932
757588
900087
695103
758418
785654
-892209
-500356
-122421
270221
-150405
632485
718931
844353
873533
789281
-866510
886283
-135078
711200
-122966
-464911
-428747
651824
962661
-576403
607114
-923153
-110787
-488724
218563
-365989
-459993
-611470
942970
-609723
-970819
417370
69900
-514971
-892698
644539
814422
-289146
703908
-564889
-45553
296546
747513
-860531
255810
781448
925815
-630274
884326
746489
955363
-863732
-586981
252115
466821
997263
514308
961189
985999
499073
-115269
900321
122151
-267703
-782347
897391
-959597
-130155
91828
-344226
691200
-657440
-631517
-627147
-762513
-271213
-540783
362088
37437
-735161
667277
-822426
-377523
417961
-847590
-719537
566484
245495
358671
986051
699328
292391
-441458
224598
890054
293030
871454
991903
777991
463421
507368
-140432
-43298
-214896
845835
881568
306632
519617
135452
-964989
-294288
-799567
-240835
-301189
927063
-358425
100056
903080
-479715
218377
950521
-673477
799470
-141946
754374
-55448
420492
549334
473627
-698502
395892
-589607
-964538
-235392
346544
-876324
-23332
-478683
-785351
31803
-601290
-504035
468870
748704
754187
642107
842293
-428695
681131
544416
-774699
789288
170198
-456561
-944690
41540
-651209
435291
-896019
686780
327168
890241
-18160
-221812
-713821
452050
261610
-248408
-518230
191689
537972
-351963
-275021
279931
-97807
-724233
610188
-560980
-848100
340949
275687
377725
-920593
-603975
-191430
-360765
-924398
-311421
-478922
121972
-460833
551613
22369
-127301
-656242
461433
419154
-380373
205570
881623
577288
-488689
-901457
-382941
202728
-532384
64038
-105701
-282158
860880
145470
-951986
-875041
872579
-648479
847903
-435144
-583587
735088
613737
-784234
555510
-917548
648380
522065
548650
-647006
-135482
-747737
68942
-681878
4814
881036
550269
-648036
201049
188328
213008
489880
-443921
532082
712492
401361
-621577
499559
402676
277148
806335
267622
-78753
251035
460184
299051
-270683
-85312
-884322
-97946
-228908
-172160
-801770
-947849
-32641
759191
-400656
994633
2325
-55823
-996629
402376
670287
861756
-719017
664192
662723
948104
494198
-743085
982806
-215401
739196
766423
976207
-151737
414518
641482
149958
621465
807367
619314
158523
-235427
681357
166678
364674
-823556
60193
-438190
767708
727521
22269
-20197
709090
258437
-376007
52496
273946
127895
-499218
-306696
-64724
684868
-804165
46622
732206
-147416
681958
959942
697884
-709551
351898
631627
278883
363499
840014
-275242
-359012
-845426
911559
-546499
-958890
-472927
-16972
-71818
-323700
793577
-819466
208182
-93258
-324942
13827
-600406
267259
106648
941408
-919727
80643
241906
300235
422388
594923
253148
-101125
-536765
841298
-950304
-771713
857998
503696
518977
-407101
625308
97671
-764445
-316494
23467
364433
-361638
460661
245381
-13031
660109
501849
-170180
10309
-572282
-104498
351106
379601
43994
-188021
-340953
-707337
212912
712911
-910801
-656886
354159
312003
-690161
-666077
-215288
-243332
-610812
-768654
658525
-734692
-918767
-555210
399436
736151
280723
-400953
-383907
597523
-93822
590928
320644
-455447
-884410
-541925
839058
-756919
-561741
-950651
-499010
-28934
-234205
-373360
44364
643006
148271
-48745
-56488
492499
422922
809500
851649
-985322
-236551
-343747
-406091
-776253
584435
-172858
-567596
668503
787793
-542368
974723
60438
-694607
287206
559952
423209
-734867
-899368
398717
-10657
294067
-494360
376875
-672620
-133951
-592206
781605
30383
226496
545289
-922555
409157
179002
-377620
-232954
790363
806584
684184
947240
454984
-840452
961079
-665862
-525383
-703273
642102
299079
612303
-806103
911284
-575777
-379933
65907
268822
984897
235113
68122
586039
182754
-15246
-683717
-564675
770460
-11701
-947547
711559
805174
896323
-652681
76226
471052
450442
848215
-894821
-520357
976693
-326068
-700145
60075
403806
-953287
308189
-347431
78313
-391305
187677
-661184
405601
-937075
-592149
864004
-504192
382479
-830149
-427142
-856883
202896
41808
-559689
-677792
606021
-612664
328756
218305
762423
616655
-973541
784879
859940
711796
483504
613756
-702861
-854760
680287
-93483
-956717
999426
907102
390816
8175
265488
96638
-539202
-430129
-981111
476564
991216
9294
-824179
-213506
-742379
309044
-834771
-667052
615313
-774672
-245225
312877
-826422
937203
859114
870155
-684212
-123605
-986968
427108
819085
778906
845257
439246
-369206
509587
-903572
474310
597135
303633
-456279
68508
-960170
-715980
-202878
198655
-48441
-120103
329335
21153
-81890
-270764
-495048
925190
-894421
-409779
-613515
407278
-719758
-773964
415058
778333
-602254
-198686
-849034
818244
-684157
-774963
745667
51917
-273704
369256
235296
-764728
934565
132885
239985
-255059
724698
-726456
643112
-568371
242061
-596935
512501
-888550
-625803
369349
598937
12559
788114
-791966
-142120
417213
-529301
779581
544653
584180
862831
954354
291927
498954
209661
-724121
43377
519883
577791
-907450
869664
-292739
281649
402197
-3771
-578802
-522240
-967437
982034
982492
62605
559857
-426791
-37215
-314416
-836854
153088
-51078
-173863
-528191
135057
190866
-768974
218198
922990
238063
-813087
488228
-167390
970713
-732662
-614758
316370
-10398
679472
-974765
-852782
70679
36124
309717
120788
-365503
-650410
-176797
746811
-827048
297040
22911
437005
-40187
-743261
-788864
-623993
-360750
433777
-677429
-937653
114417
129897
589105
245685
-743002
-344216
483557
624971
-27183
981693
197912
177874
-145636
-503291
504115
162045
575165
632501
-392912
654273
-387096
-806858
-560874
-16060
-377003
356779
-374769
258803
7401
-110258
-571225
561331
821380
-128008
81571
-55633
-501530
860863
-887300
-741552
-369986
535865
700535
-689973
126033
646367
-22046
-969389
-993981
676493
549740
-538768
54278
719270
-967646
-779160
-662692
650197
370690
672473
-995574
969966
625342
338792
-815973
-850830
219790
290324
74189
331058
-306382
-950236
-715363
453002
-457213
-820673
303594
-62513
90293
359450
-9912
-180669
-118100
841931
373220
411717
76151
19133
-538353
-45050
199021
993852
544873
900853
940002
-208080
453675
-768963
512262
338407
629136
280548
805339
294923
-436255
775956
415826
307891
-629732
238455
461313
-106348
-622400
-150341
241282
-508968
-881992
756021
849386
-230265
-531743
-856287
-125980
812834
-809542
797576
869994
883535
-23385
-198086
-778977
465965
961890
559227
826572
-427575
961279
-281158
801270
-998742
-441959
650876
-923240
82055
715166
587992
-482557
-824935
-753099
185883
38734
-944629
-743225
42763
-350341
567309
-485839
602441
-565849
967815
-864508
30032
-499475
-979733
691831
-104166
-141863
56739
47466
275297
897156
575018
-685033
488194
-247599
23478
-636073
265086
-407230
221971
-418161
424219
-452360
851339
-80075
-174680
984901
149761
200834
153693
-322065
-354658
272438
-466080
81540
-201822
-225277
739684
-338859
41820
-515561
-265748
-217456
358581
-898103
837422
-979586
601183
930066
-533291
-384310
-83974
810073
-448325
-421682
88223
994011
171864
939908
-282654
-840727
-881514
36439
-369871
-626607
-405256
609369
-653126
-622593
6804
122168
-540934
113600
882734
159440
-690461
929442
-140557
-435878
-552663
557816
-396849
-373055
419114
640634
-523285
912533
824440
-658551
462534
423448
202884
784655
-677521
985718
-725400
421381
922972
-557165
319568
-802674
911210
773244
20102
83137
-745102
-11777
37658
863492
264836
279254
-556374
571667
-116925
-630786
-983597
59997
-748250
482612
-951019
-344893
-103908
596597
874958
-315072
454224
-174240
160454
-668589
883834
647093
830764
-50837
447024
641873
494448
-886587
609056
-728970
-886522
-372322
-779434
-189368
-121529
-912893
745514
905840
46564
4036
698569
730851
763527
-306681
749662
-682819
768392
259704
973148
-566201
-850232
-598626
-750869
-46568
357038
818121
294252
-486441
559932
-975961
-217813
882846
614093
-108041
-564576
166650
215149
-826283
-461982
619535
-227627
-853197
861353
616537
-446463
-408216
130814
-811507
993392
-192670
897
692125
-406920
554616
776022
18779
61635
96858
630574
-448715
-134167
-343382
-686995
-578914
-595028
851875
533117
-235506
256842
567543
429487
244639
-551805
-71240
618057
162136
-48729
-186388
225584
212999
386138
-699709
-587213
-556089
290152
754148
-624527
465570
-734401
-829981
888553
958415
-33139
-469937
-817252
-56420
106359
-160535
941537
-639257
-89102
845679
259909
710854
-571710
972949
-558692
-618298
-263411
38805
-987351
200785
-387941
973534
-531611
881449
466989
40296
-763280
955537
-335497
448807
941841
-866934
771770
-789731
109547
-970566
232834
-269558
-40513
-296342
206201
147519
-746536
50086
-950937
424593
-286185
25863
-229433
-893080
293787
-85491
-332153
-258953
700684
-185818
-997669
633862
887173
-343348
-121922
-125718
-691172
714442
348678
-415465
-77809
-99426
462242
737740
693516
-338822
-392845
343788
572316
-847643
34245
598125
-91730
414975
944233
705897
137276
152033
159984
252754
528796
-5982
71814
-713661
31845
985079
986344
78193
2428
670962
-936317
949312
956090
868203
780971
396146
654651
342524
838260
-996614
-152122
380197
404657
603631
-846508
-135152
-701177
-738532
567231
443120
846892
-724940
-951288
-531326
-408126
651682
-177083
-603338
990282
8575
604325
-729881
958150
-895971
474914
-768444
-981520
-520128
-628670
824403
222736
-878100
555273
-380148
-529154
-11174
-940546
505377
-678988
-427260
698584
-316195
-9713
228063
-903355
-171222
852386
-62167
745304
133293
128183
-656296
338189
475660
-24349
-970702
114425
-982065
611013
-790661
178579
67044
499035
164296
979736
-37955
-604288
360434
-620512
-210156
246150
-900698
281531
835790
-226068
-247910
-444217
450301
759740
645210
63186
-177408
-818044
-563776
-371034
742853
329454
669314
-229771
175023
499838
194661
-976606
-81518
-110232
-163440
509866
-598693
356364
21115
-683091
462541
-816369
576262
626205
-436506
-370281
-791130
288514
-205728
621475
486842
366183
-353069
-262780
463868
-600476
855544
817787
-668653
56777
-460920
62449
799172
-488220
-920254
-508083
720585
875632
230284
530677
585786
-167654
118961
348389
-268248
322352
-482103
-270747
-886071
442857
-363594
508650
395469
-905269
947530
-246517
77647
-81219
932358
-785762
-392345
759337
-679170
-789009
723292
-642483
936280
-760420
539895
909471
-194573
977424
613490
-986277
289700
-245222
-216689
-562646
459931
-780759
503622
-648336
223204
741542
810390
-187726
685321
-781074
-194307
34339
605525
605931
-987389
-724534
916276
621774
-56976
-861999
284855
-910101
903069
-329621
-861517
-207952
767720
446947
535177
-107325
134849
574654
-969344
-344904
-250271
-808435
-994867
436716
-948709
-255919
-597707
-433791
-12725
-239606
-983991
323189
44138
-499618
555344
-482463
-549436
451811
-269501
-956852
-387392
574729
-107918
959786
828766
-834393
194884
-781196
303424
214304
491803
858213
-724001
430897
878038
144718
742878
-224549
719472
-761706
847995
864615
-345786
882386
-490590
898075
471669
162557
767772
383351
-243103
255188
-32156
-560852
-544173
164305
-20198
601370
-467014
-500543
46609
659204
14994
-290172
754947
906579
707298
516449
-379164
134787
688223
368131
-731309
-738770
311342
938516
274861
-630861
812103
-671243
425276
-179837
270581
-630377
149645
432008
-795526
-189959
748767
597042
22095
746430
203319
67231
875912
466666
-309743
-760987
-894506
-292679
806833
987007
547367
706460
-951657
-80557
-254488
701905
280464
-728356
-416278
23709
-530839
659065
-115998
589481
50111
-964911
771211
-163465
289394
-96031
219622
-773633
-715720
121763
-188383
660330
995789
-705828
-23530
162922
-764088
711811
627946
-238412
926089
-872887
360406
979099
-21681
-630455
307842
771402
64102
-167730
286861
-64098
249469
-53445
-693207
393630
-165610
-643429
4324
292248
710550
435270
250113
-710439
-556164
81836
665733
-890232
461743
772161
951245
-8929
-353681
-279291
376668
677895
-448146
-647633
293299
-8624
-294152
-875787
-421671
-237302
823500
-718469
-468230
825026
-61297
-148651
85292
157468
-132906
911419
-329652
-240246
77281
-782648
8071
-859866
-745496
-510354
523509
336178
135693
-911237
270559
-645207
-538768
-750272
551329
963329
-567967
4579
-83541
425216
-472912
-475325
127393
316472
25761
-349821
903843
426657
-195588
-643402
-67417
984529
138176
-762203
465153
-145190
-259849
606271
356612
-806208
337701
788766
254403
677525
900186
-517454
-186640
86323
93287
-395124
644838
656022
63021
-448567
-113086
-435116
-988783
-93671
611628
798009
624395
213483
59316
-634621
-268706
448951
-872361
-981834
-667678
-279577
-298208
-589027
191869
-95133
-877589
675295
-937296
-125513
-195131
-21830
688077
227555
-459793
192990
-724025
884928
-179967
-469656
360482
31114
121516
326137
-289527
413198
-849896
933363
134910
-726159
-225428
-581680
656556
-556134
-121493
-897506
688728
404541
-508869
-841189
190326
587525
-90430
902121
823256
-968611
700841
597870
562561
-782244
-596734
-274614
-161768
-134965
-830714
-110858
-488840
284115
-318473
107254
461028
-482360
895396
-244038
299864
498316
479883
876567
-414214
-600415
85144
-522915
76463
-302385
834956
-770028
-827061
282094
-927751
-705448
657504
38609
397930
-478258
-118985
526031
997151
-202046
749661
-224529
-542603
38879
-815148
166831
703844
74761
-447381
-16015
140579
-338469
682920
824323
737510
-425160
351329
-338231
570055
552592
964970
-802550
450115
248753
-11288
-992557
683227
27079
-43836
193035
-82726
544498
-943940
57749
460470
731522
736275
621083
49040
-132398
-540568
-863234
1366
-288194
791461
-563625
-466424
-809534
-939634
-607448
697367
343216
-919815
-158684
-264983
449165
-428003
-531817
755066
142729
-587006
566643
-823012
-340582
-392680
-13063
-743713
-156364
-72092
-122368
-968949
-824665
-653995
-258971
63178
280212
328117
-601840
-814109
34445
-329541
-259682
225953
-215479
761021
808368
-302894
579072
507394
-773680
-727317
-619287
-712395
199675
24137
806734
-162954
76367
-87022
-87224
-103925
-720814
-682566
361373
-279628
998364
-89182
18610
439068
-433501
-61990
493870
-597653
517473
680583
-269778
-714247
696100
443488
842270
269852
-568655
623826
-942022
730786
955798
-795068
922657
-624934
619851
924148
519571
-638003
181636
615168
-153913
584714
84630
522369
-20500
912415
-55293
928338
866490
-205404
610340
-837010
732339
219377
-952590
-604425
979451
-136849
273136
-847789
-651951
258700
-982087
694641
-925015
187592
485921
-254166
-480920
504045
21771
-894782
582459
637915
-837049
-584435
-137708
489985
-255323
-244178
-879165
855400
-563173
283643
686637
760937
498702
-96260
733227
735487
-249536
-145517
899201
-307913
442839
631861
399353
-438332
-67450
623958
244891
84783
-498982
868963
-541172
921387
-947677
814441
-557695
-483450
160509
767315
-879522
-299332
-442886
-65200
158191
183846
914926
502739
562113
-154288
-811946
-195148
-395618
-179865
-865051
230900
337828
-455087
223789
617630
-350207
-876329
-281754
-337208
410189
322941
966623
-265287
-435452
86515
817534
-2268
472479
-572892
179189
515859
-289331
209131
795523
-744609
613843
-279835
-43420
-983461
323197
-985503
-503081
-684015
-758208
-57868
-798518
141860
484590
-44630
91555
913493
71060
-25129
-836051
56736
967411
331787
-230627
-266234
-709095
-495709
-182591
-450970
-953444
86140
-496188
-812027
914931
-437949
-607840
932781
-826127
273640
-435168
-682767
-75681
218161
-857455
928142
995252
801003
556165
-69012
-608397
157243
960707
451780
-296158
919698
-117042
377565
-382750
-310849
231440
-383505
922160
638878
963491
-153432
-893001
-648594
-146627
-481844
973519
766400
-343115
823031
-808682
310412
636726
-11906
-439895
-340386
-546817
-625420
638720
997293
-540204
426696
-254749
12236
-391932
-778612
141453
688378
-416360
-312112
-413860
-594668
-919531
977837
-273615
95722
-505874
881374
84842
2094
604554
725000
-4871
92936
-413587
740250
-703711
-803769
661765
420175
-868531
575923
676244
672848
-268019
-15618
-381516
-765193
-805715
277849
-476020
998191
-458124
807842
50062
-251017
252534
358586
-662422
982021
-105194
-663691
981010
435719
-106084
70315
488555
-507260
704367
-402709
873101
-818975
-220305
510159
-492233
369920
-511759
-749077
33874
-786173
-377896
-346401
715424
54318
-460980
-1780
-897919
673899
-202214
-864797
320610
-516762
346920
619609
362946
986457
453651
206711
-841246
-8990
863975
291853
238601
894863
167674
426375
-158863
88316
-800027
107095
349778
328084
-328672
592658
-33272
-709773
117817
54039
451427
627564
-335951
-26775
-262517
524838
-927245
181918
687758
361185
-527758
-335375
-778872
550359
405982
156530
-389138
-766275
695682
745948
797815
-33432
95549
-126073
-117081
160781
467867
-827532
387448
-632927
898959
464134
137512
304991
-622641
342352
817562
805864
-586420
-40183
611433
-740348
-755635
-935652
-410608
-426362
780967
-832036
-971985
478286
233883
-474795
919163
454632
116428
-73410
-879163
564946
473563
-477814
-660315
605531
779041
965277
-120125
128167
654728
-136292
924225
456783
688390
-426019
-619960
-517723
-998729
38654
-671826
-862571
-310250
924561
-431167
-152409
579417
-6667
490931
-53344
443494
-358080
-478558
45128
923125
714328
-777278
63175
2371
151713
11945
-696791
-569361
-793776
-464970
770177
-131594
386014
-298081
-739543
38470
537113
792982
-775001
293888
-867884
640536
-404821
229583
-691905
-512814
397877
-19360
-803759
-946640
471763
-532995
786401
-76413
711304
-410678
-47787
980045
-27320
135962
875505
843052
270112
-567442
54481
395105
-274957
371212
262130
-751491
-815649
202681
122218
-650073
744255
441875
-186696
-26356
-619959
-724211
635190
964195
837334
984071
673963
100508
-645054
59273
-218115
-464988
583529
232732
-813949
-827817
-425390
-854203
-413319
-356989
385640
725023
952717
380053
996579
109332
621974
274531
269126
289975
-420508
130453
-395391
-182591
-977230
609712
247094
-621785
-464712
-318655
-445799
-810028
692317
456354
88560
-96760
-390390
-600852
596794
-47028
-528614
-745735
-317332
-11375
218221
538004
351062
269029
-378084
153536
-280540
261329
93510
-618462
-664575
833873
764297
412811
-499370
-553360
-143347
547750
-194896
940672
-803526
-580037
-374848
-586765
790537
771229
88188
-524582
-339848
628918
935778
903799
-296553
-411987
367452
109824
-890304
789425
-127425
79603
2404
-471067
-116371
-531696
-56832
-789528
-26597
-915080
916526
-336769
-761811
-137376
961111
365666
-586947
-174350
-513658
-269280
487995
459584
-337704
-598225
-373330
897509
999952
-87532
-810087
201786
189383
542379
828537
937906
587968
993684
-138774
907219
-103079
952506
-910872
858065
-936930
256129
641971
869577
239352
-311796
-805171
741271
44419
-381272
81821
-655276
102909
53720
-52554
-914449
-889255
-498691
809905
-641049
-704524
-801118
649654
989602
459103
94434
131354
917357
356186
-662666
895906
-353263
-616734
413791
356966
364814
785250
666412
797265
422647
32901
-614295
-435515
364393
263723
-283484
-996517
804009
-658951
-289507
146760
99545
629003
-952439
410075
282583
-803131
916227
-97246
787251
724807
-651376
462125
822986
250750
764365
-956310
-369917
-204073
-571593
235439
-538714
727823
-367721
-218537
-298412
185126
-766968
-874749
443047
-257549
142502
840450
657255
-278960
34901
-275637
-212379
-102795
798763
-864601
-675848
922850
278011
-623892
-80623
36342
667903
33763
283645
-984419
-394079
-382389
311736
205351
303974
521591
-305944
103859
-909193
605714
324861
-180406
-321842
982019
-518430
316424
-159238
431467
197216
-817292
-748658
541259
543120
-14735
550572
803907
-721413
-139186
-184791
227957
-581552
-681992
910173
-636152
368960
584655
-479990
-609719
125946
648085
-421657
546667
785854
-948093
48712
-189073
740128
-262282
-482581
-85729
491483
948550
-414623
281780
-941360
-358344
-479978
945175
-123750
-842487
-49536
-324540
678606
836522
-439584
-160053
-571052
-516596
703160
-847759
987868
-213615
-250678
261491
819328
448930
206408
29930
244725
-365218
-533347
319818
405356
290031
-477354
71172
-315253
-864647
-286161
-83636
444419
884780
66998
-103692
-271411
-264071
52254
854135
758022
401890
843683
-583661
-643995
919657
-808684
205069
504149
-13910
137218
-913128
510131
829061
-888829
898768
-239066
455715
-866975
541461
572666
-664472
515653
-617271
-641093
563329
-794838
-921055
466473
262283
954609
-683540
-680236
417151
528339
903143
-142237
987962
-88930
-71470
172192
-77014
-122211
-410575
765486
256914
565654
472220
670677
-381317
144493
696771
929662
962104
-486682
872066
-779462
-94956
712840
-375139
143484
859802
589852
368792
476135
567168
903893
685366
-544574
198192
554505
867084
333833
-590732
162205
-376128
353437
-366658
-676352
-388765
-121957
-442734
-188210
-495767
719945
-213871
-339692
-158655
-658259
-589533
-990925
901013
-558280
251071
233309
-882400
-408801
458330
183869
887718
-416181
-732694
456243
51093
195046
24469
301629
718390
-199146
869883
230257
630160
778055
960157
524454
-942119
-294496
118376
869427
-797798
62743
345954
941263
-728738
-966368
601712
-792680
-890474
787584
-687679
-431697
681996
-271295
118619
-721792
159362
43070
-860736
-355169
400743
673886
421436
-739762
997685
47069
658894
902555
538986
-149690
598576
-917978
707872
-761475
243077
41728
-198069
156792
940703
955056
-524529
-726642
614250
685263
76220
407912
-306696
578771
787815
-261612
708137
-698264
-495578
-206920
-553610
-676102
638567
-965789
152539
389968
-581523
735231
823391
758226
-109336
131427
-474559
-367253
-119375
-823803
-526656
-792055
-351329
-660788
-416121
671041
392584
378884
-476364
-424816
-729512
892651
-646908
-435908
-364729
577128
-300900
-980902
-245318
-640293
333558
609768
-350664
-235249
-23194
601754
361991
695372
775624
932914
-775709
275722
328649
404872
466010
117312
-215602
-927319
671687
-497958
-598396
364316
511976
-821688
794885
231104
996382
739507
-108764
120401
-616126
-83126
993237
961929
329118
835003
361404
391907
-710897
640702
442576
553850
-818123
595403
97452
39568
-89260
-378388
-618382
-972756
319690
-89428
-468132
-296741
540461
-964945
-789920
549142
313088
-371109
-965121
834628
438418
771764
273579
-180394
-392844
-206394
219475
-498928
-667499
406971
91020
351080
-475652
79628
223197
-674809
-892384
98900
-230361
525036
67303
385089
780079
-137296
621242
442531
353866
56420
730689
242599
-778204
760854
-584128
982813
-715732
33139
290829
-606476
618528
-382458
-436179
883656
156720
-883810
980235
-228846
346962
303438
-524204
-920450
-865631
589838
-697486
583770
307442
-25217
123554
-557270
255862
-507316
-834892
432856
417157
518700
589535
220040
731533
548995
631102
-641142
-307946
121128
7915
-444823
596593
-147902
291254
168864
-691075
689099
585091
320748
-67435
-326089
-481091
-169795
529561
970029
-568454
924870
67224
293748
-890067
269748
-277865
-722711
871298
-401413
-386048
-179924
676314
-761013
748458
-917669
-449053
426529
-726399
-404746
-601006
-739718
-830510
642786
-699200
900387
-495050
-899191
333983
854829
748952
557854
-907817
-905476
-937500
-561538
576257
662398
69197
821682
-264129
-597000
511931
298257
-965835
694779
-199344
528770
570793
438646
-377962
49888
249779
-29339
-465978
893558
-949856
-247513
-754889
526761
-958743
-356882
-790046
-269259
556363
-311088
-338034
-21360
-641917
-379526
935324
487274
202920
287491
-539535
-249002
-477916
-8610
-839941
-279294
-99248
-80918
433122
-779870
246956
254116
-848051
724332
-655432
738812
-835890
-902980
-816655
-926139
794603
-237097
-457493
-705339
223178
470476
914183
-356884
-413960
-204810
429650
399650
-231594
692895
-741509
119353
-843104
-659009
-66194
751362
-882789
690658
288657
-751493
-500645
274471
5402
-190810
-923730
-26396
-243061
860404
-408151
-38425
-359477
91616
951117
409048
673634
-88295
592084
-756934
877649
234839
-350050
59536
707852
-426801
-911565
79644
707349
63297
-979084
166850
-96074
-574801
-945821
-713076
-936357
698024
853643
-278457
-626679
118466
-179698
102090
-559873
84645
-233143
-141354
-205720
60996
138534
993049
541113
708391
639101
-421939
-382419
111204
809895
649213
-2341
-496851
-877278
-983704
72432
-615678
587610
-409218
-571505
447879
79642
-998905
599874
-664976
329998
328163
932251
761496
-959884
-724500
-975253
-729551
410335
100728
-152546
245910
-699992
314618
974130
852541
-126607
-321592
-56110
-350776
881623
-995593
44435
-838726
631732
28386
-253622
-654649
771341
-12342
-873721
382020
170271
-780393
-48845
755005
-170623
-277443
986689
803109
-131594
92218
488468
-326872
-665263
-532421
-312595
257437
152965
-381730
-769137
-58089
-986680
162194
-90254
-919397
-487580
-751333
414239
422379
-695270
-640718
857006
61953
638515
-289207
-692134
931351
-759388
-788756
-86594
-455453
-332451
-205245
505647
640225
-45778
304948
-574795
-522552
141526
10277
-780378
330910
-195030
-668193
716001
219239
-55969
-734834
-151260
467961
-460556
332005
599563
600171
911422
791006
95142
-451925
908049
-564705
4917
-43345
-231288
-713480
822402
747588
64882
863881
241371
-411262
930137
119809
218539
830433
-126160
-737535
-893003
-615580
-196200
494751
491500
605299
179151
-318970
228081
-396346
222518
-493510
585641
707325
273405
180601
-440454
384334
356589
-834627
448675
402262
-183471
310750
223157
646416
891906
-872235
87730
338659
-502770
449564
-678975
-299051
435332
-438992
-27894
-718754
-217633
-895944
-459212
130007
-508659
228032
-698375
944273
-758118
512670
-663582
-608510
369790
-416011
-802140
-853093
351487
965208
899607
752693
-598972
589446
598479
-504023
968056
-475821
29401
680446
-417257
-3416
523540
50109
459864
-691167
527401
-358815
146103
285652
775976
-372885
152990
-745422
-723776
-968303
434479
407685
-923877
-149738
-888783
181017
-167340
-217419
-547308
967927
-455786
-421449
-158174
-646964
985938
481700
952005
-224407
522652
991766
-195729
959204
-702301
551081
-700118
-229285
321227
-442354
291644
-790184
674921
-499009
328822
-345008
-815974
-146227
-852071
-821690
-128832
672469
-427162
-81651
-811750
979729
307393
-827478
-319873
-477814
272129
-771368
348471
87659
-42793
90660
969078
625137
-396072
286905
653430
-812801
-416728
224694
977328
725326
785477
224443
192438
-987582
59117
896131
554928
-502953
825005
646699
-569615
-11590
30856
563985
703157
927860
-401984
-663080
-85383
-801599
974019
57351
215287
137343
-414667
901329
491325
-319678
894614
-716945
-558103
-22652
-560624
-259415
-505725
560890
-40224
149237
763383
-570751
74334
84918
-755155
311863
-556630
750501
-882361
-247641
-919563
278221
839670
-968036
-288407
-887888
-774918
166678
-501706
397319
814132
-857125
485819
-297817
-123671
-219356
-821043
-215681
832405
-478856
44838
935998
-551063
-446057
-167699
42385
902500
509964
-850723
-585206
23817
518118
-505963
31772
422466
197120
628220
-383933
-96175
749051
241487
-690879
905327
17997
35529
779266
-722941
-91277
-69906
-790239
87040
902594
-261645
-982141
647643
-886309
227789
239137
-568280
304701
-803628
773220
-772400
108661
-414700
-961239
320753
-366992
-991567
168676
-129454
-216847
370804
840032
-592127
293661
-666378
-559068
55948
-328524
974311
-252686
-911656
-170790
-214277
35433
-392799
-424429
-244877
315466
477966
-362418
-951740
138199
-25744
-631656
-592539
-431017
-194153
-745231
-285638
981815
-138543
46524
498328
464331
518272
-638257
677749
474161
-731049
747307
699693
856790
104881
-860859
-838413
125074
-422131
64643
-367918
-858513
689450
-815934
-711969
318471
-634309
-332268
-106370
175755
433224
491655
-736051
690656
732705
-838240
368432
-103709
-546305
74215
774010
-337843
-895048
-599140
369716
-165966
-740834
264071
-726386
-189532
-148490
-283411
-744993
-249740
-334960
-900450
154843
376984
-123897
111020
-746672
-371928
-776297
8502
-564324
-107773
-966890
-392478
418223
841103
98025
-174919
-949347
252676
148299
357488
585834
-282827
679204
-599809
590913
-569171
880663
943758
472766
-22700
-843034
779114
422830
936744
676388
385234
-323693
227866
221569
-701731
55364
-921979
-836667
-632053
-50640
960971
-16552
253286
151875
-635762
-675459
-183852
-858015
837640
-465121
652924
739215
-184056
-797997
598321
-536566
-236898
152514
48238
651761
-387136
917110
-835665
150115
-420498
-331197
256455
-341439
431885
877493
782381
414402
-763207
94773
180836
815019
679797
-668971
-484485
-133587
956925
525880
-720080
133722
982328
-216287
-985168
951109
-280630
-556266
414074
-286026
188357
-705360
-959391
290567
-295937
512130
-262480
219295
-237570
167460
-698776
306952
-500976
-553125
-672604
-276306
-220040
-410266
-412514
-82378
-987710
485992
-371894
-230024
-352200
-659603
596512
-911333
-556947
-532710
-470537
-162740
661494
-437130
650253
611994
-285767
-198577
-742621
-910478
284381
-679222
-600763
725042
565217
37515
995239
-796821
952649
517629
438059
-729032
-238350
601150
572032
-204619
-667129
-288982
-297756
479390
933004
465411
-434551
258054
186392
131130
475158
640945
893727
-163620
846916
-104434
-174355
418076
-943575
165076
-169937
44025
625682
289975
135212
816780
-232440
-978745
-957295
-659728
785525
25062
-43159
923469
-513183
214500
-869589
-309885
395477
564153
908525
-253072
-812192
-153250
90935
957151
292023
346824
424818
-64627
-175241
-50046
901248
-547751
-60665
-797467
588517
-866169
116633
-988681
824098
345648
618831
-291618
-290398
904138
-906118
481279
605774
585808
-313731
-87240
-6469
486030
505936
-949067
945923
-767733
20641
-797197
277169
-508142
680596
238799
926294
17887
278955
310730
192568
-48541
274497
182620
388138
-204492
-319183
48625
-681353
153749
-560236
86276
-424456
-97123
-719066
-522281
298053
-113914
-475574
732748
-666488
58644
-184412
-771613
758125
-787169
175332
-177327
-396363
931647
919203
-212807
-457494
272276
2661
-274422
404269
-613969
-627394
673012
-702805
876577
166418
184455
277678
-490082
1653
-517781
587984
678220
782641
234294
-333878
833710
767973
-251667
-766614
-295640
-341174
349979
521635
-397010
412177
-383097
-504386
-522739
332264
516756
864047
289110
441500
514362
366210
-538525
283353
-625635
676852
842631
809996
362567
784286
629462
-641943
-843897
896332
310669
154504
673637
757228
-134880
677163
468672
-981726
-499489
448922
-293114
813049
362180
-692305
453904
619443
794971
-513682
-775144
-946239
-67378
-21300
-164265
-438706
312972
968593
517439
821621
-82282
-500905
874322
-104428
-777882
588082
708894
328504
-42884
-236694
-634539
499640
274438
-341405
354189
-41763
577450
271134
594192
-446274
-618508
286808
-743839
919211
752087
-913456
578380
-128832
838626
880550
769960
985497
166656
94943
-653523
-49244
-478613
994181
-517524
936721
578991
885739
-876305
-269978
-678697
-912882
879341
-879184
-499274
-21096
-358742
-677036
-982573
-235650
282345
693124
592114
272456
635407
333
652859
-971663
-264618
443980
-405110
972004
-928470
-715775
-140462
-8666
-658653
41916
185646
904467
-874592
-902861
-885626
-517311
-930948
913589
-807206
-545023
-764560
24441
-656722
-265980
543877
885392
-24430
744473
720564
813306
365517
172180
548764
676180
-756699
994635
854878
560814
778190
-582470
552345
-31493
-776979
-994874
-342403
-216414
-860217
777119
268046
262321
204427
996414
-858121
657713
-364872
-261106
148872
727316
337068
-605145
-392114
119243
337099
-482891
-985394
578932
734920
221431
662237
418225
7187
456931
749855
412820
227423
303975
-371942
495158
434895
472139
-203530
1255
-82500
-469582
143699
28927
-353883
-775232
262727
869331
50356
-245291
-188045
410180
-277783
721270
-432576
150129
276453
-912179
213051
-851956
-391083
-218297
757259
864586
925561
-118053
1803
644468
732368
-941973
49160
563355
-583070
-393021
-3432
-872344
132778
-235586
-712299
157969
261917
575623
441397
-9112
342491
774781
72519
39565
-389391
-610512
-624628
-763452
-452407
745096
138416
44001
-955601
-43130
183524
-137504
853632
-499295
855065
990737
-266639
612306
-75174
332528
873465
-345044
930886
619411
723548
544290
451113
340284
-738475
785261
568503
-512882
-338976
95877
-863260
-460195
850465
334924
24803
932638
-590860
-449846
898616
-289282
93586
146707
132988
-476530
616668
-636859
-271955
23963
-144696
-984274
164015
907804
529253
173194
-932252
544324
123916
-751639
-699037
-518728
-741211
-453713
-590761
-517925
30483
465718
-131081
-925372
-150851
644494
-692323
623057
-694342
-754332
643974
-556843
745624
-307072
10917
156524
404169
-224408
686116
541936
-763349
-495838
-935176
-686716
-156493
-971241
-334817
-276787
496181
90515
894201
241345
68178
-517783
-592064
667927
359294
-967756
619558
-951586
592556
-592968
138121
494890
-498919
582374
-590890
656617
-462
226174
-238345
-360621
-139997
209999
178426
456064
375805
375194
-461888
-992493
-968829
-633195
-153507
-41836
785810
197771
-93549
-590500
-930774
-410592
134118
273961
-269923
576178
-787492
-821551
626258
-332580
-545197
-703852
-451274
399124
-987522
857226
-72383
-360204
-947586
782267
872352
-288618
355865
-722483
764421
-295784
-650599
578776
682631
78654
354755
483414
49846
-406857
489202
547126
-483265
-859016
752849
552463
352440
-257467
-463694
-510350
862346
976590
134285
444760
731000
295030
611607
-349382
82768
977326
260350
-902592
303532
-870400
972735
-958319
744165
-618456
-282715
982729
-268522
-306211
631647
-605304
438216
845229
-135748
776999
575295
452102
464645
338438
-959904
-908847
501495
-177151
187453
-234312
997211
559617
-541121
615688
860612
864302
316143
-984654
490597
-737982
614497
-46740
718348
310777
388157
283253
-720065
528037
388459
-102155
-679695
914398
-19750
584706
3425
278102
-425874
175295
-237936
471498
992516
-549985
-906275
-582764
55586
-244281
-387650
404317
219328
-282734
949661
-187791
291629
-918226
325197
-787541
-864480
-933021
-791001
-276593
25692
987124
-564155
-211338
-428674
268062
620122
-510620
-88218
634941
320685
-786699
255040
897806
970928
722038
650158
944143
328513
759697
208788
467715
-202884
916768
-781441
976785
-427846
588706
896690
-33140
26667
-391477
-233137
-574642
-25588
-347851
796191
-749507
-283004
-669387
637822
56175
230177
-162232
-28826
-677142
-566294
-798675
-792682
-893692
791712
-25716
689758
-675735
-124522
823251
-651638
203451
82090
-477278
-471063
-125100
-809505
-59428
-99335
-383321
-422504
-56482
-958032
50372
-432909
17228
-302231
883194
-865216
219655
-51735
804374
-29411
968251
464654
-429366
-18641
939284
982291
595625
-39297
258448
-395006
811087
59759
638447
401975
607006
163415
470344
338956
-730205
-902336
-212426
-854490
741142
-786501
871855
-210213
982272
-90913
32884
214847
-826121
-59042
-53340
-619830
774277
-113725
-180884
-571737
-317145
716235
-124839
899867
-519567
466141
-427314
555280
707535
162598
970769
-447810
384870
-62891
651775
-111115
924440
975600
886880
-882167
644263
-520367
220117
717018
525681
30145
-250514
-718082
-869799
997424
-946088
-710898
619846
59534
-666700
-103030
-732219
-498872
877570
823401
-964278
-887454
-403140
496066
501652
35373
711935
-523376
-334162
-885210
177764
927781
152977
891243
992494
435502
-587161
-89510
694043
-185633
444650
-581176
-672355
627003
127211
-891941
-308317
948225
400367
-536571
-545072
-394314
137460
707741
475469
303948
721745
-948196
923642
383724
873403
525424
912319
470245
-338717
876160
-545791
-916560
732093
817469
-565583
619551
-954916
-537631
-723586
-153950
430841
-527672
-885974
-255306
-782317
369767
-29958
604011
-19280
-353171
-700601
584976
-524223
-606604
155698
414332
-910173
487140
-418315
-351748
149442
-619547
339028
995924
-189352
782718
-400078
749556
-410669
-975665
547903
765881
463061
546663
336591
687068
33237
-179517
764614
74107
829155
-507292
-554320
324418
-935288
-660724
676461
-548682
-43701
573204
-801783
575262
-792496
397037
-13910
-465138
-981604
134961
-818526
846481
-643724
-521499
-366299
-128398
-557086
794190
868244
-158809
305753
787948
781815
692059
-873488
-779497
-934518
-159338
-570294
-956747
251246
351116
442775
-961514
-583168
-600193
-616397
-80532
715079
979921
778220
-662294
-174073
151850
-135071
736503
-496270
-903743
-710011
-68593
-400642
-772661
-367293
-930377
474194
418046
-62532
-706661
-981670
-910271
-205780
-268859
-636294
307442
782698
461564
-514850
-508589
-61938
-412105
120560
156818
970925
127548
-154397
152691
-508609
-142502
-888340
-704100
-131678
590655
12305
694525
-463049
-303369
756378
-155559
-117078
105858
941475
-653450
-596144
-420080
-239149
-352291
625065
702939
731559
893134
967172
488481
183912
-899260
352706
-756035
-733381
-942944
250674
-658591
637015
-873611
161948
496626
-199215
-420497
690137
-25728
-190189
-295328
-204769
792033
679915
717417
-312485
922473
-459713
-450751
439991
-686393
-183329
619045
161723
-256897
722675
686044
-279921
623231
-440301
4326
-161953
520545
598261
358081
-752169
506300
254273
-49193
798414
510759
644865
-231673
122623
-50229
171700
643662
-418319
134180
-504318
-99182
-792967
96212
489993
832779
837078
23588
-629931
447694
185466
-201704
762607
-927753
606312
-979667
768012
396019
-348616
646577
-144922
88424
-75080
-605761
-132183
929729
184365
-172074
890115
-861607
-822089
779670
200670
-46909
709842
-301674
-791894
707508
-500104
-398492
-238893
-434802
749284
566554
448594
953353
318962
416537
828383
-311040
-467933
211557
-294076
-189866
-361924
227229
-343859
682755
-726771
-798827
-324260
-920130
-433841
539538
154777
-434615
-271961
874657
-872762
-283948
366279
224404
-849232
103695
-180812
-136422
537409
944463
-931806
863482
-524365
-878116
-232069
-404116
-248097
157397
949502
989204
-865100
756416
-652924
-998373
59971
-827470
-482338
-217236
-299530
855831
253659
166920
-944543
-299489
-197914
945799
-81360
188613
222027
68268
-564032
-296323
674458
631331
-865845
-931590
-129756
-648743
251195
-359527
77731
691192
-653025
202093
-686986
376702
-923461
546408
363657
951801
67641
898722
702931
-67487
844670
757577
-219911
363410
-10728
666406
934032
-616860
-429357
-712248
-585600
803689
734187
-606001
731651
-53694
-992549
908502
34253
276766
-957356
-907522
835270
-365488
-49975
475156
746354
691468
254631
759902
-396430
-372674
513314
485127
-355164
-607096
-540885
600740
-467355
162390
-332546
277090
-253322
-403170
33495
282574
851580
-283079
-83644
233537
100769
929497
644758
-327834
-911527
713639
919537
-332950
-565057
208762
-708605
-740802
662941
-497227
-511279
-569973
-974838
-197315
851757
189364
-182482
-103147
-27068
-589951
719010
355609
-513580
-51475
-801038
101716
306554
713869
-420284
-922242
-384983
-847334
-703726
-302955
-191433
-161890
144658
-205290
84497
874680
-459336
589656
-870769
28043
989009
833286
-34718
130889
407888
532279
-293462
-211497
-430682
-508884
238628
655774
650314
420773
496641
29678
272472
805984
897746
860942
19158
-240849
-171874
727396
937233
-292044
62486
-593347
-645082
579900
-830240
-320454
-105060
-422218
864271
863192
-647505
-6449
-997196
-603494
-122712
-676053
-396146
-894123
195943
-380607
211932
-918504
-442109
-585773
248403
712245
227592
928137
-939348
-89231
9951
769449
304981
-20284
-106805
897013
-938425
-682676
387855
-487774
-987017
251733
-865874
-408720
-464026
-129923
-573622
-359702
600915
-866809
-23762
-124740
-331759
-819009
969575
-517716
-844045
-94332
222477
-234953
144483
-394121
66079
89929
-847982
26559
589452
311576
784585
626550
-326834
205341
938718
182195
392369
536240
-881981
547381
99890
-166465
-831047
-132824
700546
334122
613538
961047
-175574
598462
715379
427631
340936
-11059
-746424
-757076
237431
188390
166289
-226654
-343347
196406
939370
756842
-548483
-370821
167177
-978713
-82915
401569
-439088
-779020
-898045
-823173
279427
70956
-554808
-389217
-610541
550741
-872082
-603298
-971367
843497
-39650
437086
696030
-973373
-509814
-756649
-391657
-293149
665585
712294
893486
-829858
33856
877969
-828357
14565
-705322
241880
897809
-280465
-885536
-318732
-790027
528774
285027
934959
597866
822444
-763687
938207
588456
380775
156914
-28800
873259
-736016
-547973
669677
264679
-522252
-466212
313275
207512
431621
247868
-257358
947000
-833120
14399
-987031
-549750
191579
746223
634109
-605100
544299
-695880
-388499
205481
-998065
-73587
917781
157924
333149
473129
686022
243505
166887
918768
-171778
337861
818378
-6540
-850231
49966
-667373
361235
-790093
-755260
-103667
136253
262888
254271
-879381
-532909
173419
724962
-414066
-592725
-554385
220885
-263820
222256
-916139
-399855
-891074
627238
-321597
195061
518621
-734068
-906275
558709
-103336
-268902
627747
924658
-821316
-491158
-470425
-534492
-842701
-843671
-732877
689491
899760
-489839
-929050
-55131
-940257
325832
940402
138575
-854299
65011
-149132
345599
266190
-430324
-978054
168068
-590989
55519
556732
200851
-739148
-36129
-580376
-877900
456933
559267
-434533
876108
54022
-425856
63723
843335
982057
-715197
-841567
-943519
-139528
444939
119172
742802
674895
442817
-289584
923540
889477
941366
227526
-546798
701384
527447
-227235
794991
-595802
576527
235798
594223
871208
-453447
718317
70534
-25959
-192192
117483
505595
35940
505942
-235559
448953
945435
260429
-739825
-598542
-889708
67733
-737814
-790672
-896082
-730541
-134821
517690
544433
305050
-821092
719711
732243
178504
786302
-315806
-398249
482816
-74273
-416446
103889
-318145
-749257
336036
739716
139805
199889
-808289
-226452
772771
959254
642340
262999
-182461
241284
165512
-270803
157560
-178626
458672
-260911
633851
-328514
-334376
581664
320030
-538970
878976
-724329
-785335
-518477
-499085
-264815
-826864
55122
896501
-574803
-201875
-435123
-996216
775374
-202081
-377186
-546853
-629188
-401250
898916
559184
554471
-94919
586739
-148696
-417716
-156850
-473978
-691634
-679311
-235738
-956400
-609860
-995318
-3733
835247
-184050
925118
-247610
-420414
-674015
-140157
495129
-63087
-523545
-648283
172118
-111317
589259
-450842
-954630
-183091
-701381
43840
250410
-30466
-248362
835654
-596504
-245832
-567372
-131415
-432142
-657344
-896436
-599595
708023
276759
694278
969787
961014
406665
-831266
-162518
117366
-249758
890417
702295
-49060
-998592
113704
-193797
205868
-618492
-909250
758299
122079
780770
-505489
-658973
84252
908184
-249473
981548
706582
844732
664932
-360803
607363
503853
864849
824685
-289867
480044
450015
188614
-70058
526339
-401830
586053
-943036
-789149
-310874
625566
-105209
-439860
390221
-920611
-369685
527141
-193754
926407
854975
754667
443554
-789665
-659416
744966
861110
-67196
876706
-374601
657120
-531145
-923499
967470
584793
-302597
-269808
893625
33622
-186539
438052
706966
-512518
-370445
-614561
304745
-298021
263785
681060
-506167
523055
-910442
-433244
-924300
-568429
107941
-473413
-647773
-568329
-82256
-165655
433017
-188246
-816514
10027
678805
435966
-143507
-413195
991046
-196712
-231445
510735
577886
-148266
-608226
930697
-127457
-988067
-847580
281308
-648494
-571971
37492
-73569
-406025
365379
-276509
-299421
355735
143580
130371
295339
-826315
708513
-323930
734347
133859
172804
561216
-224548
-871824
888340
-402454
-205928
-663105
91632
-800573
75865
-742989
-363450
472177
-114839
-748730
661127
758277
-461819
639801
895401
-784643
542003
-788634
-834792
753507
-404675
-441807
629306
282514
993609
185373
991517
-809320
-314602
182010
960960
943543
-204075
890940
547835
964998
217889
-561816
880395
79541
980253
-719705
-588738
-387730
-82135
-410755
-983241
-184106
157505
-937581
-682017
932402
862450
-762192
274921
-599641
-589448
-740922
-658305
497434
-495623
-4439
811534
-168522
-426664
208859
-726229
251147
-912584
357634
-181728
247763
-186995
503546
-14825
472017
25696
749831
853986
464467
-902881
976291
529253
-957866
886814
-352394
284193
-56
919726
-334748
-272547
-952472
874456
865984
-240653
164553
-487369
-732386
-14156
-234890
379119
-836283
-951175
-358736
-292915
-84797
-612665
865235
222589
697243
456734
693975
-342686
-218982
809950
-737295
-761962
-329144
137687
-535207
599422
527353
-567317
-694361
326152
518147
-629662
305495
267268
-719990
115018
548075
853916
116086
154505
-346320
69746
361734
596737
-915304
842964
-358658
-513954
-781626
179998
407036
-246401
399913
-536019
735465
482046
862783
95099
749450
853726
-49541
585436
-668746
-456112
-279742
13524
-283230
126754
601359
589458
-559656
871365
400438
24077
-43577
-710663
-182459
-488646
497907
526103
-226298
-623257
221261
-276358
301345
-397001
182429
936971
-289954
572347
666139
-825624
671625
-177495
-243426
-576975
902766
282171
-840852
556782
-210684
120742
162095
743200
-277850
-754507
-632567
584419
421372
820738
702270
672060
-758152
877905
572048
-52347
1788
777353
197160
93938
-997863
-320432
-850512
-737217
-803085
-324670
-201090
673656
133184
-859315
298730
569956
564591
343467
407488
-161649
-222875
-190339
-755503
393203
490850
107521
630564
808770
897026
774256
457290
-151085
627296
903927
-601649
226470
-131243
-57905
496588
-605674
-421026
116859
-925286
619930
-351972
-15842
833185
-470729
2804
340214
330318
401798
62935
-108167
421027
-561443
-379876
555530
762856
-899811
-966904
-296360
-596609
-198760
479600
813140
957013
643100
430325
911308
-840332
-450783
770799
391337
-680522
199563
-905243
-454079
-392683
342683
-209609
740442
374813
282488
157919
346812
-261502
458710
70220
11122
552014
-666815
582766
-324579
-114381
23048
748368
772596
471166
202824
278110
548955
-128724
732308
271432
532639
53527
291646
979967
-868660
-513463
918213
-223395
-284117
681330
67035
-722719
238428
777076
336785
-949481
480139
354586
-273247
-202474
792786
-909847
574551
-981725
902571
-662001
-559458
-262028
-149872
-453384
285859
60430
-597326
-655744
929832
-212401
104018
122818
494951
-325112
-6594
-623217
570400
196290
282347
-569477
-324031
421538
-984148
-285423
275506
886759
196493
-946010
847034
436623
-389298
-118325
953105
-922214
381311
-451748
-808190
439014
671541
497845
-791876
-909255
980710
-161403
-630217
-187939
-143898
909882
614718
-659098
976767
779804
-313956
-53617
706982
-774410
558567
488643
520928
859118
-361116
-422345
304049
-537738
878997
178356
-171844
309723
850662
-290958
474364
-603525
-699024
-503008
909469
501268
-820121
-103935
390776
885559
517927
-754512
6186
-999718
966486
545284
-557744
615053
468277
-89074
-526496
942917
-178167
32831
-265177
-692396
-459488
-368345
-829093
-194822
-19326
856792
-473764
-38763
-889418
-576151
560268
-615181
515501
962326
-505273
944200
1359
-691195
-830463
-399685
-784607
-384861
971259
-560485
-530288
39981
-557278
-857297
626653
632395
107140
-59222
-238684
622678
-712209
828861
-104438
525499
659112
966215
315906
-775945
-404923
152872
55868
-210366
194344
9267
-258260
851656
-65768
-77631
704178
-745966
-905347
649186
-187285
19716
-672328
921903
839188
-992641
170269
-283973
-104426
951206
-428402
120616
869810
861886
620597
-825515
343241
-760913
517725
828853
68041
-989017
-80787
-289477
-657872
407390
259843
-286095
292542
681588
216105
-399960
725691
664182
-832713
-414902
263010
-798977
-763579
-49717
917993
-228229
-862262
366654
947886
429447
843734
792580
-392321
-411916
-511256
-726881
-505722
-306069
-238995
-922460
947279
-104150
-534058
542543
692856
917100
-394668
967857
561908
-490777
285363
354564
543355
-411793
-847664
326687
741778
408120
496440
-986364
-675278
-265927
929631
-753129
-872936
-565973
618106
679914
755241
517808
949497
-976717
310655
-969839
820516
-653601
209428
235296
-755119
658879
-523383
-173252
-477249
435681
-193260
-123277
97299
181114
211973
467650
-699924
-558337
170099
-634505
-833499
-336046
54023
567095
-326106
-320615
-243868
67612
-817433
999851
989490
992502
623491
-203996
-272826
396211
231413
589720
-525073
-918183
-498319
362084
-436256
998319
-501535
126112
-320459
932220
38266
950576
-459356
-601753
794235
-196230
-615743
-698243
883330
394034
125037
241106
173323
993360
442460
22590
-792955
-724957
305986
169032
-919149
980223
-427750
836001
657116
362386
525587
16455
-841841
-827691
-101993
163402
-708234
-378466
153976
826668
-243658
-688814
-286278
-727199
437153
67511
-960265
576373
-817992
141927
353523
-822963
-216128
-909088
-622659
15621
6271
-549831
-707202
-226567
522259
-960657
-865183
-658209
-501520
56414
853663
-599534
548596
508235
348581
128618
66601
60574
-246171
610502
-717418
-319443
-647882
-692949
-431166
758195
276585
968710
-336826
-532385
-969751
649741
328590
276105
-719346
-474044
526380
554239
-22914
62620
534232
-449666
983744
-56139
-970104
638012
-577825
-973244
408360
47778
633911
-116080
37879
655640
850143
436119
-21250
-57736
539058
693325
478125
735780
-904324
305028
-336237
-195149
-267458
-313625
-84039
574662
-445794
-867936
28572
140409
-639121
93082
-634554
440693
-975016
927584
283144
-461405
190627
-413148
679126
-483973
-764380
890204
30783
-433542
-50108
-265849
650247
657842
-326871
-768498
824546
543483
-56828
-444603
-811825
792903
-774282
539408
-204785
556948
-250849
737314
-844990
889210
-486715
296417
679324
437604
-504418
-320666
414024
-850085
-727749
-242144
-458791
-535042
766481
-576872
-552983
597518
906660
-902961
47824
-979546
-778671
-857917
-705149
-308601
-357447
403600
-365690
-391535
593734
955188
-365937
-866609
423259
971755
35385
-988375
-695524
-681031
-770207
-938308
165847
-908026
316705
-684601
-952179
945507
-789017
-757316
-698847
970219
-227023
708727
-630500
-69308
-419225
329738
349211
-465467
643796
546102
-150570
78002
676290
361847
-225715
-649822
-825806
29751
-739184
713217
-757451
-869854
-885205
730802
-453270
372505
-380627
833612
665749
-696640
-711980
-824570
-90664
-247246
17879
-262483
-245872
-6828
361680
-534447
419150
150983
389955
-368768
645744
477175
-442033
-652886
950108
-3632
-913424
965284
622680
-31727
510958
-87992
-299511
-622664
-994075
373305
73350
-433123
-734222
892868
105625
-758885
-347273
-986015
525842
-817175
881164
-46246
661319
802694
641666
-842237
389547
-673709
572949
-993881
932489
447930
11053
622723
354398
273676
925265
-905365
-42287
187753
-507479
-753269
174160
575320
-528210
532681
959432
413815
-697104
-825659
-366080
663628
-500093
-695678
352915
303417
-267385
50206
-887032
-33906
-554541
-861251
-746992
-689991
572222
-682236
669403
133400
260105
-713279
725783
813423
-846612
55080
-760186
627445
-252869
-662343
-673222
669961
-981195
304189
-750736
755842
608234
-673810
179079
232228
-3130
232246
-121317
549678
930237
-256240
-961598
318096
-180203
-471413
-914205
-484423
941131
-419219
-760274
-24177
943523
-987788
-222149
821112
165327
-239944
-75453
-326379
42299
-975572
635637
102543
-320781
595395
-516106
-977655
-973134
783663
-364424
-137675
-53752
-575804
523382
949634
-723673
-633093
-649975
-833549
635594
-517613
-333206
-410869
-176319
-481709
382085
551013
135966
-351254
712886
841824
-747402
637942
707490
-606729
-696364
-232029
151348
986798
-598848
963436
-808141
-718168
958183
583805
650877
550614
-601881
-899015
885987
-469302
-735175
-291753
-287840
896937
-535620
-481241
718326
-469441
-340390
112371
-593049
-814547
786777
-568320
-609011
-665283
651584
749620
-592618
714198
-425373
725585
234080
-898805
-70770
654047
483245
842573
147018
123177
114435
855105
59598
-804387
-74589
915372
-180218
645207
623139
-894453
286520
-741769
866730
728512
-194471
810542
301128
-226202
168043
-19688
964720
-136123
-6767
-432316
486675
112097
-249551
969615
-546343
107821
192836
-281683
410366
-429731
73149
966729
-557241
-886183
25875
108869
-949472
739149
161261
574490
-383788
-752419
276841
-929693
-163480
-612106
597001
863093
-714988
-799680
-276037
355750
623071
-900177
757764
387119
75606
-565063
742984
-690644
-781848
-13534
-491848
786368
815585
-245133
-929576
-460459
-744447
886793
-843348
671745
658873
7881
-454786
-997628
-540543
-825359
853967
53102
-12455
706826
440152
965469
-421030
-270215
78395
-611228
394487
962613
322891
-725112
-515498
-248812
-851467
805220
372805
-364610
-343607
-135444
603866
715330
224425
-266674
-963028
884935
-434036
-927884
975399
-523814
-289297
-658266
-944880
873063
-110630
63309
-62698
-465213
-255221
929234
-586351
765542
896193
538277
-783526
39094
154278
702042
185926
-62210
-32039
-219667
167231
-944515
-713832
-740442
-959999
999195
-493177
559896
-936850
155831
-769761
-795197
55695
512795
-316106
573145
-219224
620945
-492890
-101730
327927
-326769
-162403
-885784
324616
-365555
-751487
73286
535224
449656
179070
-252355
166980
-964930
373677
69806
353165
-812790
-665246
726611
91882
-396534
-306030
658408
161194
-113685
-909857
701030
746917
-172826
-553918
-738838
-366467
796276
-303532
779701
-925194
-319459
980153
-711220
945903
-622738
282793
481344
-600323
396425
211484
-466936
-792157
-465194
966290
-188918
385071
566360
-433540
262457
-654413
-359526
-859318
776279
223647
21576
-650350
684124
627192
-949031
-572454
-3217
-174793
772586
346114
-150383
307136
109223
-434863
643673
59773
-890910
695962
-878247
-44265
165062
723210
-268128
189521
37668
632209
-698919
118529
733292
745195
-800239
590763
596665
791882
-999018
-832837
678787
-136670
698106
-529953
-700680
292880
571831
979327
992228
628584
-713236
-168102
-366004
-797862
161350
226750
-329957
449855
39162
-843293
421236
-927994
692462
634469
-340186
-875978
12279
405725
839869
-475105
197565
-496613
960437
-960863
-94021
-445951
62666
-160744
-472989
500607
-394005
929251
-239649
-874586
482892
-696561
-547727
-456725
-169957
452133
87419
947451
-343990
227597
-375397
337333
-951925
822430
733678
-782903
568282
-394429
-442506
238699
375732
472395
-654954
577331
-304795
-535988
841402
-653036
566655
798389
172435
-617610
363878
868207
-526848
-96269
813065
-967248
458120
316203
231211
338652
-144892
849861
203487
334871
-177958
773250
351250
-230036
-543517
-157185
-140094
712851
208622
-349177
421069
-434334
-617250
742546
731236
591955
-103058
-374049
654878
-914514
-896491
-628439
-691031
364499
86917
-34167
128411
-97370
704205
-470681
-74778
-493801
-243554
826014
-297110
575180
285354
-604500
-330715
-349202
-597720
145938
-614266
-780147
625780
7246
-454945
840881
699732
82035
77688
736766
797014
666210
-339777
-458494
-391851
-183385
-378339
-378593
-739174
653426
754661
26512
386974
42160
-555802
305305
54254
-666555
-271072
-544049
686375
-272536
-958189
-893055
19873
-561892
208434
-601406
166312
943431
85495
495124
339557
694128
-268912
-162253
-498084
947610
520887
-676357
-136305
-661961
77599
572150
-157121
666443
747658
30342
-488878
-122721
556920
-503636
-965808
-4835
71033
155506
-464633
277071
568100
-796293
591311
-112913
-647136
535717
-876696
-336470
35039
-274728
-57857
83062
-661269
572014
-884400
183180
-374184
203839
-742939
37764
24409
-825529
588540
44045
-649489
-562954
987142
443205
264124
-291179
-869684
794299
762486
974544
424364
-364418
-759177
-473500
-674302
106466
-530192
-933018
800034
-281521
769854
-270163
754433
389189
-683947
-752547
-565773
889584
755545
41105
815758
790755
-514613
965796
290990
-553484
67680
-265700
-989677
-738379
-440978
67892
726820
141066
-348161
28421
251606
-64404
696200
101840
512040
-822727
708148
712554
704582
-137163
971993
111812
-984755
758177
-513908
265494
-38994
-740234
-888624
986152
-601684
663102
-492823
294333
678015
-893040
543439
785948
-266085
493222
-591042
-273220
96778
-591716
837098
-846325
70518
-431289
27344
-834085
-792893
695472
-67288
425578
970713
953132
-138762
-997876
835199
187929
-60736
-366217
-649886
-504009
227930
-874581
390070
-910304
484701
716668
427764
31461
122934
104765
-289087
256199
787546
936203
846191
382095
-616809
394419
810140
533003
-423162
-856127
459896
-76891
890653
-123866
-903003
-164191
411489
-887163
-476361
323954
526648
544154
887514
-473798
-578852
-314169
150419
-629539
452716
-535491
494623
-892224
-351203
-738493
500599
113060
328077
651046
987125
481433
53304
-829763
378640
-201696
26115
571416
899139
629729
547574
-644283
661261
439045
468231
396094
435473
569009
-365167
-355598
-255907
826144
370276
808558
616135
-472868
-546699
344744
-171532
-375783
-552778
-339096
870002
-644818
124033
104916
-570747
-671823
-820178
-104682
954367
-192467
-244797
-784596
-169016
-279806
960459
-184885
-765698
19802
667199
716657
345909
-146877
916897
-833018
-56353
993006
46376
897838
-891705
374403
741910
-395730
420920
-637153
180517
-229896
977466
-585877
523295
381908
442620
391642
-134899
-296787
-684851
-600833
-569721
-908938
107460
228744
255659
634551
29952
-829989
-101591
-280520
846474
-87605
-904710
433864
866519
931319
-449360
817194
-477335
-249793
757865
312477
111252
135524
645213
306439
435934
-546757
484375
373565
587392
758798
425281
864241
626185
11279
-41321
-118087
685602
-38406
-993538
846776
-418964
25158
385837
-737685
-686587
869127
-184567
271634
-41430
-635677
288143
-15431
708727
-211026
-993813
787425
968393
834597
671781
335952
28484
211012
882171
-768014
-619920
-865084
-978103
-807829
-158722
866997
42277
-859462
-323543
-574925
148231
760459
-3656
-985144
-277467
-448871
-943585
593118
-34339
150589
-644923
-513697
817868
430744
270945
-321173
-35844
799450
632318
-529355
-195910
-523604
717213
-562053
932740
239552
77305
-988000
-80735
564594
290533
-511769
317643
368283
-391598
948942
368136
-590221
476525
356869
-344681
291232
752229
216713
-297339
-167585
683978
-131230
110303
309838
-163695
-407307
-944127
-943021
-239052
-710778
-620403
-734419
-99466
-336178
-199176
-680043
696132
352437
144190
-303984
276023
919981
667702
343124
278326
344363
11007
-87212
559289
-983231
-254950
-762134
-879704
306012
-294894
-95200
54497
-541800
51798
-906340
798169
810683
317735
349989
-693798
-906411
-917588
-236970
-392854
754930
352035
67806
-710580
-920967
773938
905840
-901600
366372
-813861
906190
45861
-977252
741774
-325650
722207
33584
629209
125254
-344748
-196558
-242501
343609
846128
-395538
-174698
518813
219784
126664
-556606
-554136
183931
-415375
680638
79864
730228
-486331
-581759
296060
639693
502853
-376593
-353150
757902
245292
72551
-54499
167123
-252113
741753
-55246
-260277
148694
773685
-913312
786909
-567950
-254050
693129
142437
704442
-707778
-594175
-56293
178182
-221101
-503341
803604
568871
15527
-149974
272227
236641
534781
-710301
610904
611974
-877529
909740
552808
736048
444085
-190247
332205
688538
995655
922947
-901244
-922085
474372
-688547
225492
-284223
150563
-553515
285038
-185722
-224217
-125854
-95984
229297
888743
-745680
846852
-4660
-506549
706918
-651546
313918
-322221
457296
-970750
522628
-503471
859566
822235
-918256
-259849
93208
-975799
165182
691979
-658164
417722
-611089
143351
-881130
335512
17092
-541444
-158822
385483
-22279
-841337
250177
816726
-836645
101532
-509954
911772
420327
-283281
222012
912069
-443775
-293871
708134
-566980
915278
-101049
646290
596688
573998
-918025
98443
205178
436697
329660
341113
93374
58005
643864
-375697
-418134
878353
753353
408209
342907
436706
835124
307360
789087
666263
912126
-811996
91606
670842
-67142
758325
-91086
355302
239676
-354331
-608579
942784
27276
637133
874745
213267
459639
-412365
-173054
684748
901695
-89387
-435696
-896370
-818958
-55723
-677863
-319309
481496
227520
-174957
737249
-405498
-132420
-11049
-158140
-262129
-242098
65697
406893
504410
739142
-316236
641351
385935
798920
-760550
140337
415659
298487
-846455
-885827
694196
-242241
-367647
-314107
742790
-812481
496850
-836956
171851
-601518
-284389
14552
459529
-625991
-355859
-988878
644565
-661018
-178450
-893961
-631899
-297497
397273
-656745
184003
603501
-465342
144967
-600354
858233
506999
834237
932795
325666
-974077
228872
-327928
56837
-676148
-161015
653393
627273
773724
-84590
187019
163661
-936132
75801
-89138
-331663
-72708
738584
482208
477054
361168
-831867
-646804
388787
776021
432361
157458
-819475
-748047
-559329
564632
818929
887255
778668
230526
-908583
-42070
815541
26158
445850
798649
-273375
-581230
-908754
472425
-151732
816192
244706
-855376
344292
-425647
-949698
-479043
808804
-581297
333196
739254
204715
694732
-425209
703129
446392
-4465
-265438
-588988
-731004
985322
-412175
59535
-968708
719143
45112
-947433
-64998
-581087
199823
-981610
-140385
623214
290606
-712850
345967
600506
-169509
229573
-673527
-702801
527725
-663735
682401
-519280
-43013
176916
223707
993253
-392154
-657493
478758
-662959
840192
-864351
115379
29311
-435816
-397479
-883439
838459
-241500
-229912
487015
988829
-290615
62233
-438195
756959
511497
622474
897991
365136
-274871
-223373
-347042
-954526
-977666
-372217
-375075
492637
-740236
984179
-723547
614710
-225605
-164477
-603475
350842
960430
-943004
322586
580581
67617
683140
-460809
500879
-363226
357397
-755311
-226234
333436
138673
584050
349815
893589
-38120
773368
-418619
343875
218900
30097
946492
575230
-769922
82580
323231
-53036
132441
-359617
385501
-477843
249627
-459191
639266
27962
438540
-899676
762250
655802
-737848
-109743
518897
-780823
-37794
-172577
876262
-938043
246939
-567167
-996546
105981
-71455
393291
-585148
-446023
559536
880521
121486
-225536
525767
355132
690411
-874422
899299
38962
-765064
-620637
572966
315713
-948398
540793
567059
817183
-697883
-13566
-710602
324961
-163101
-997812
16097
787086
46673
-941982
-778480
-767648
-669253
670232
-522898
863638
-661624
643956
-560136
141544
-898247
537504
-569367
308969
-100463
-742412
50338
917033
-400682
30940
385425
-961370
468477
-646949
15181
-66638
556191
364493
-999628
-308734
-413402
-890809
264355
-93723
341520
977051
49105
-231407
319331
-221830
335816
669208
716974
-489803
-925567
-168454
-374857
-957924
776604
124373
772166
-907385
-46023
-403912
965133
821491
-880522
-475243
-69326
-78781
528133
-309548
-220933
889000
788328
345988
-359147
-513124
-373940
-444628
163329
26120
-995969
-508992
943004
-204026
-837232
533807
-32311
-523968
-436094
793113
487868
834423
-490708
-933218
-717722
-980064
298928
229842
636408
65321
607382
-57523
350870
723545
-671868
-364834
-653029
802645
721436
-810529
-795518
-359106
471282
-899549
226295
349688
143912
355212
-468485
-304378
-349783
886970
-430418
390289
-450434
674142
134332
977672
-298800
704812
-702617
-200224
-81413
-518545
498732
-551811
989898
-28106
-474603
-78423
-34475
-757716
-562022
539072
-862988
-730619
-903883
-253969
350047
-684779
244865
724113
-302748
-878981
-652530
703672
-327613
22650
-446525
362957
-778839
789479
202480
600143
840775
-269250
-29456
79631
617424
545655
-969988
-139253
-752104
-865026
-907726
-835110
224299
-711992
315854
24007
-285363
-323313
-131580
594951
961824
-954544
82897
320143
629239
112816
-468843
-217584
730952
210698
855768
-638192
989632
-709994
-687699
951718
-936719
-337993
741427
-951726
639398
156896
-902344
184438
-549032
91684
-803079
453877
-787783
633818
-203131
335079
-792339
-652311
-377280
326902
-718248
770742
-794110
-429096
841106
268071
-616225
-836375
-948361
583506
345090
633956
-670756
383175
-444750
-171202
-2340
-525578
408951
495519
-908848
377791
-737067
473597
132829
558357
745655
-271529
112678
846925
103143
590347
-990
-987127
-792006
452949
296969
-976581
-176951
846309
-812951
496344
-515239
-898276
-487339
-463589
114780
-869790
-227396
-341261
-252143
-868058
967639
-216309
-451258
-765069
232636
590963
-142530
897068
542096
287088
-925395
963428
-502182
733
752096
-654628
-337678
-624069
813561
229018
-841064
809309
-305832
426786
-178528
-814039
71446
664020
-683061
-102389
404907
-506655
-184142
-36356
-962513
796395
-238756
-16598
99773
-808647
-746898
334917
904052
-598124
810626
-818458
307351
220992
-735216
88859
-944300
-530406
119688
628243
-584286
993483
185602
500579
-186429
-438618
-476787
761715
-206359
156324
463908
161544
329461
270969
366399
-273938
-521254
529746
174085
367809
170912
-184914
-818786
290264
58501
98902
712359
14927
926014
97530
-360769
-176976
324699
-828694
541374
671677
-165816
-769426
28038
-700451
-876817
-615358
-715407
331681
352763
568753
-671638
877553
-814280
418124
325911
-431273
-623210
42055
-725452
296424
447437
-911631
-767237
740682
-765414
414671
933823
876007
696743
-10541
825113
813229
897928
-854978
732217
-568322
-624926
367759
759390
967611
890278
-399706
-814112
-210840
-928005
-379782
-389270
-126212
-445894
-371212
-819002
-576952
-233966
-418970
-782383
-157439
408012
874667
422797
-922004
65706
-732197
156117
199717
-669336
-696277
338987
222603
-215964
543968
-914515
28107
-949671
-506898
-922585
-99448
637895
860977
-495550
194212
221167
312519
120281
-151250
862202
-117752
524012
176360
-218695
732067
322349
231795
-824441
298838
-787528
-834279
-244661
269385
-406304
870199
368282
168200
960164
-330683
-831879
399643
637377
-987900
703040
-270140
904161
-796477
687130
-856107
-413071
129101
831784
-558293
562704
-286990
995269
-813493
149027
572464
771812
-530281
-269179
-623745
754326
329900
-778532
605494
185769
513499
-526329
459549
-316438
-779581
509619
546704
-761974
617096
-604403
-346164
-780258
-134990
-750
366553
-45504
-895068
561922
-141292
-758829
-72650
-223374
711512
908900
435314
297089
-470199
-407507
106728
-597214
859068
803507
800814
146712
-83386
-746353
983928
-133119
353632
779209
-633776
-193655
-611788
530271
-943759
-46657
1542
-515098
-454202
134148
321346
290760
-990086
-146272
-202210
-641237
133179
744814
-338965
899443
868369
77880
-178562
-507171
-270251
592797
-439499
-929844
-923697
-805457
985512
521249
-589456
499225
-634258
-231613
-173656
-953987
286729
-214466
7397
83932
75759
406279
-384214
290991
-683211
469982
-454201
-319086
810842
-234676
-545734
-309088
171950
-493108
-196958
194394
-744098
797446
709596
-115776
550044
58166
625853
-852350
833647
-394709
-114198
975696
996884
216940
387414
-30386
875280
872309
-626343
109091
-486369
-858774
-537551
714250
-557027
125817
-655265
-732926
280354
702955
-850799
-831820
650144
141619
-712135
-63247
-263252
-653046
-396025
159275
-558722
712522
-944324
-112675
-48364
-884499
807964
600472
-977931
-148323
-127230
933292
-840429
93687
424717
470127
947274
-325023
813688
628013
-386811
945028
-215032
-670676
-712833
-800152
-98
167514
-374233
773419
-266516
547477
348701
-964642
-125500
-840937
544986
-722948
278028
964860
-114452
-422392
969166
709362
-175010
-719294
-210708
-320260
-869962
-990971
-483983
142434
678551
132800
924290
-84551
682119
-377713
985459
-263413
-255285
-231947
21238
-320478
-187665
-139080
335982
-163978
-700830
659801
355297
-40272
-766019
-573265
-527732
616282
153380
-586977
790673
-465626
-249787
-654214
827980
-754600
629246
-59149
903491
-734896
810011
-461125
-285381
-121800
195773
560955
431975
622918
-500522
-567314
-120900
-785618
-386992
948696
-38560
590504
-623027
504870
851648
713497
398473
39139
-98879
888161
-849572
-467883
-126066
748992
610012
-752142
157840
863845
-558816
802562
332028
-561899
235167
715474
-793595
146420
180278
-332014
77491
-488589
-522296
327244
-857524
-615081
-676736
-378879
300014
-867358
905906
133602
855870
-621920
150879
-608856
207163
-865201
655831
-2032
591660
200428
-895623
-310153
-454856
189014
731414
-902131
812436
-210399
710516
461881
-581162
-282758
-139666
907017
262505
-290894
-887624
615508
806937
880873
597953
658031
-256178
-667048
680369
643720
803158
76858
-840430
-853214
318555
138328
706059
123949
-33932
201008
399430
-472895
-167210
-47935
-802701
-334857
947499
-837514
978534
851044
-372229
-628180
-908324
629171
465863
-946334
-25765
-457634
964021
925820
-211785
-10615
-892827
296628
643888
-598917
800993
995357
-66631
463673
139315
623061
585044
-22591
72977
-877241
612760
216544
-782156
805146
-184235
-92880
126279
520250
266190
614962
-989062
846081
501028
-779388
-464971
566273
582612
728895
328810
-704399
-864809
494063
-705405
818481
-399256
814895
-362373
584955
341730
559073
56585
-838360
-180409
-919928
-216202
-930148
-21283
-881342
-87793
791248
306418
535909
-478281
-928390
778177
-315084
-435564
856283
-737555
-551875
-692759
-710875
-609110
287059
-177404
817670
-56325
744228
-770738
-940587
377877
-693258
322688
-213160
266595
754690
-641163
-913744
-557533
-956435
556826
754145
-600018
-941217
-642303
-553214
898388
-553022
-92267
-468739
-473499
-174695
-409240
115972
114253
988538
-675800
347793
-176553
293290
178737
713751
-507502
491219
398012
-565686
743249
138084
-134988
930696
-460341
-496507
727849
739811
277603
-900938
-124834
-165684
-866813
-433149
954620
-100771
-407519
-49434
119658
283714
-395676
-545735
333108
-237883
846303
617174
-413656
721781
-700293
607949
-683520
-931725
-130316
544705
-396615
-798375
804730
873823
237186
-234937
344567
311932
-240560
-231669
876656
40010
219150
-316564
528005
-133065
672498
538900
-671982
866403
444395
-349673
-122760
570683
861110
277796
859894
-594633
-251888
684231
-968784
-151124
-137466
-270888
-323374
-383410
-703000
425092
-856882
918342
-860580
-512779
-214975
931692
410126
846753
-743181
41890
719493
540332
574461
-604340
697105
-888325
-499067
-113937
-734751
809174
312229
-377371
511793
311865
-951702
-472518
-835168
-578120
-459784
-71001
-372193
462988
-916149
-39256
-100731
797630
-244200
189628
-531136
15726
360658
-456007
-182745
508096
-132024
-339383
-222102
-750876
-540949
-152443
-957013
-10815
-364114
218156
-73691
-740418
323718
-368512
434442
-38995
-537327
-489027
-904980
241875
-426541
959287
190673
733464
651803
720399
-461847
657480
490884
699153
247131
622851
-987625
849965
173115
731335
-677874
-540656
202649
-904424
674227
-594337
-520141
760778
790631
-179440
-196918
-532373
-600641
-617116
844689
-720305
797001
-518651
-726974
-241352
282988
-306760
800460
-529246
739309
935614
-419545
302761
-106098
413005
-374457
190104
850385
-824282
-214994
-608625
156890
-433453
-374756
927184
239730
261119
337506
664486
709160
658801
934997
366450
-70766
497062
-674723
699475
-383183
140171
-203603
-437519
971634
-891436
330765
-834713
497233
-874372
-493102
-412469
556440
-391719
784880
498650
-596922
486107
736934
-314299
447242
973025
-144297
-668398
-89618
-48329
532345
-739535
484113
360752
-218074
-361060
828173
-249123
-289456
224041
-396297
497127
689554
-2577
65668
-340850
44065
934995
-239288
311742
-761119
-74706
-715622
531531
-969708
277020
780180
268618
-204371
419300
844215
832139
-43965
221823
158763
382134
-392031
-328505
-971229
349441
39418
591165
438495
862731
28857
-654601
507083
-122536
395639
883748
77637
579434
704774
-193219
-909188
153720
995498
999370
504308
-39475
41831
906318
-888539
821184
902006
-678959
782915
-911156
999889
-412920
385177
245707
743150
-161886
-21361
532692
-61688
629169
493130
-617683
163992
-554700
-187150
-846097
-445853
29885
721807
-799947
538925
-100413
569357
694528
870027
700806
400478
-79957
-1194
-866021
-786242
-306811
-327237
-715245
-214510
752144
-737040
-162740
-396566
-389419
-938239
360019
-777563
656098
-242360
321780
823860
659810
-794245
-526751
976631
-736425
-909857
676603
-288573
632950
-699493
998975
55685
-293346
477223
-918832
852608
-462345
-73757
-720867
509106
-104540
22340
-745170
-549676
375332
435625
882961
942465
870986
58316
-117541
677230
-662569
525012
80861
-510121
163249
-747129
-918683
934523
197698
634908
-476883
-946371
-997904
335662
-330267
688748
-157260
-88883
-547240
26908
-542759
-42449
-273475
513715
996435
-471292
738589
168064
942778
36455
-53541
-148987
-501535
-254096
215909
184661
-23017
68710
528886
243864
-417926
852754
249989
768684
103538
-158802
-136627
899686
80721
-907011
-360326
59254
692997
204788
-210579
448232
-849544
594454
-966612
-988473
-748923
769501
-17303
815452
-652138
-859180
-381395
50708
820190
341186
-759903
405503
518448
191360
-432391
982773
940027
304364
34814
-21421
906466
498294
-218058
444259
347516
-438057
-910031
-796198
437285
-151454
462195
-659846
989695
-787597
-236807
544472
-86519
-467069
938730
-43464
-855591
-558242
-52005
957716
-799751
683627
-626625
-537284
-976292
58794
301034
352663
-671364
59325
-213440
296583
-135023
-860259
282878
299755
181359
704237
-693596
-438338
699773
952683
-115458
-643620
956237
-378109
545102
590309
-209410
-153832
85178
-89239
166615
-366710
-963676
-806933
747310
-911867
692373
-529359
-676650
-142772
329350
764568
591241
107976
-651009
934506
734907
84341
622645
563922
783115
742765
348877
-528264
315606
-344945
-401729
-597315
819302
-577588
-673322
-128364
444232
333454
-214829
118907
231100
46276
646065
22933
228037
-375410
531972
505190
-338465
354178
-680709
-505430
-789296
661017
-783356
-247726
-839145
-623686
-385778
74268
646401
-357280
819178
842446
26715
-851478
-174517
-685426
437058
-525569
866924
667745
-63850
612507
69201
-198594
-242675
-183237
560165
-196914
-684189
-260191
-373566
592963
427823
-891836
656208
45906
-934063
246104
-114812
-929586
758664
-849035
-381814
-732957
-418016
990055
569853
-710933
-775352
-640239
807187
-972048
-275326
-363778
555222
-68289
-369101
81158
-583539
-143195
-910502
908953
-297159
-483767
448350
-139861
-980037
-389723
164479
-567236
-326253
-101342
95343
996610
512963
109776
988026
288566
437842
46143
402016
992760
453612
-757635
752835
456288
-866138
-180436
-642245
-587998
875616
254014
663943
795101
143300
-923568
345311
783616
447338
-52064
-47003
-778151
-741218
258605
8761
-865988
252089
937450
775979
529228
166827
838046
-383989
-199831
-51429
-659877
369821
8118
-630747
-449256
970537
794565
-766782
654829
566062
-997278
-255546
286571
211127
-522247
-873470
419478
-374331
-344667
682889
540801
152043
255317
603920
676868
-125575
-166243
578287
228507
964944
-666729
-152252
-543266
356053
94964
-211018
-890216
-104959
324259
-815273
706055
-906476
654235
55971
-484304
-328727
357321
495525
205404
988133
405649
-499911
-955726
-770551
154755
-107924
-769422
-121177
985884
-690945
-246452
192562
-540618
-259061
-315813
-19282
-925299
-97730
-808127
664006
-810386
609475
-849825
429308
-810498
472640
-585551
259451
-255708
234489
156357
-938488
648724
663442
429270
174487
860409
-536591
968969
28410
600382
-332990
-809021
32692
850938
502420
229413
-379540
-419978
327073
-846427
-266627
-677
-965845
197962
-632662
-820227
-325375
-843260
683503
-970178
-757727
18853
765682
292256
163575
-525952
-509288
13675
451652
-937444
-400331
-626313
-326886
147733
995419
-806121
559875
851856
-671789
-567902
375489
40409
-857174
-26849
935857
710299
-641694
-905844
-776887
-966341
83658
361035
84160
196561
-256280
170282
-356403
-384061
-397934
499853
-846585
-309376
490908
445370
-902933
223190
-728789
-567999
309244
-292495
28584
-190330
-251899
-534159
697041
673133
-824454
-454490
68457
-952160
-44931
945259
567056
463616
-641668
-145636
814637
560293
961143
-817995
-503289
391828
-12705
-328184
321523
-707844
162970
-509669
-374360
959533
-419165
308508
434478
-224874
-764337
-112767
605685
-113927
-147158
101440
323970
502829
-499328
-951640
-781756
-494449
-401033
8923
-981755
732039
-404007
-948888
118780
563122
614384
807561
-473857
-652751
-653302
650998
313941
202509
-879459
-45341
-115415
637765
-535677
733213
644123
-470025
323942
-264387
-915343
499495
-752969
-468858
549483
-485074
-516393
-5279
288308
-213823
-380711
-190606
766196
97693
256351
810966
643331
119500
843296
-621829
18871
-302569
736780
-105059
705886
347017
779014
-522919
158407
-92005
-6320
-652561
639739
742529
228357
-168807
230793
-612080
609855
916610
-635009
-959030
861144
-433947
-796299
-49144
-923186
883139
501059
456130
478912
-118592
-158894
624126
-472043
-653541
-535664
49875
-58564
627016
140029
888217
917901
609580
-487197
381232
76879
594805
423330
-32791
-776493
412435
-926039
-356588
-745667
-351914
134785
-109401
-788766
776869
-370557
-662009
-60083
724696
796586
-876682
-453284
-305613
-514173
-936166
-288504
47872
726721
849190
-369086
-311608
105197
-35673
900216
-854867
778042
-871187
-712906
-950681
524662
826516
-623638
889945
101405
657326
474560
769359
119304
400142
-553428
253015
-84541
395444
191878
98361
971004
464976
596174
167059
707606
-866955
201489
-99050
-147619
187227
670437
528087
4948
37456
179726
931923
-808405
358333
553155
-583422
611789
-79663
684682
-688362
60821
435916
-354240
853072
233504
322538
-348363
-72961
60221
-326678
-969100
773655
-61951
780729
-838880
861162
282232
-702528
-395015
-318459
852982
-73273
-909826
-121046
-216053
-428284
-191699
-76699
-820332
-96316
147302
-216755
-408466
593589
-568083
-726311
-549434
-95922
-154482
402908
-573044
-928421
-788005
-141794
-241146
-257880
111761
176921
-413695
325321
444825
84173
-150238
367877
-795222
-573888
161754
651229
-724213
128918
-826632
423228
691190
-625464
426328
523836
-300391
-670588
481465
314002
999350
-924767
854061
-764392
845289
-790723
390569
368246
591370
603638
445884
390764
371624
691137
582749
259645
974134
397290
-155812
-982853
-443582
464040
543611
-21396
995680
-409380
-421482
834262
-655579
-303514
739325
-195604
-666545
666788
-145182
-448875
611202
181512
-765971
345685
233389
-316587
-883730
868378
-210549
-265098
387498
757669
141894
-279557
727894
933907
308790
612529
-122462
321800
-113210
-666148
432108
-537993
-418953
412179
-819435
-514929
187647
617913
-821263
-492475
964233
-41197
-304936
-988806
733088
-192117
536921
-756918
549286
-736128
-200690
-173199
532222
877128
-118901
-817063
594634
771779
-283024
564292
441934
-392035
-380386
288018
836723
-886369
-884986
695088
-60696
-479309
943901
992413
-252957
636146
-953748
-956902
-572027
962923
248899
143854
-700324
-355725
-457202
-619821
886786
47652
-99393
25344
327906
668020
-600853
-788268
579611
-552078
-232591
702108
-234371
-921826
-575148
-749823
-256208
250470
-280534
99729
491763
796601
-481490
-16152
364930
-750134
-563728
133754
280209
-749213
415660
-89600
-957834
406243
-910153
679933
314723
970326
-1899
-648340
-640432
693423
-600536
893320
-775817
-742108
836099
-463177
-899335
118310
554845
971284
699422
-609412
-341343
-278888
916026
23163
-257886
710628
397739
-265116
-969492
805549
-745090
693594
-545482
607428
625969
263422
-629645
670657
931475
315177
-644217
221900
628936
-786235
-302953
776583
274921
-24504
-942855
-331749
-807864
626639
-115893
316382
-184368
-31917
110367
96798
654219
-746998
-581804
608269
-231106
775900
133760
859080
-504657
484608
-182391
-342779
-322297
-225869
820179
87641
-855470
-792427
-609005
489892
27682
18848
-486590
-309478
992468
-449979
238126
693998
295274
696741
-983254
657693
177431
-80408
-798234
-523948
948570
-838850
714329
133374
550082
501232
-277158
568686
-224305
646050
830031
527014
-360199
-35545
92412
-967998
-896182
-935551
864893
-670204
-208090
829044
407631
-322307
-262101
-199483
-307192
-890540
537907
318100
-564313
-480842
-665610
-177965
816774
962522
-530995
86882
967020
-768977
-816623
762697
-990145
-111579
186530
-857711
222806
106389
192516
-190401
-110355
-747698
848419
614766
-123854
600125
815415
969864
-875396
-611784
-684094
-541152
-853477
954215
133302
-376721
277194
90703
71349
-478230
-262591
-462724
44144
938492
-925721
490955
777264
569829
380837
605010
-936973
341167
-860970
46060
120238
59336
-562598
-518044
47538
-560319
306122
373693
340137
-394462
440773
-380901
213183
539239
-660631
-501550
865629
-408164
-883490
648074
867728
-557296
267404
524811
-94072
-841031
-256787
-541269
-859331
17700
-884740
703441
730668
489494
-319412
914725
621888
181957
-961610
143702
-241717
-163924
314155
-343673
-984013
345103
-877656
135127
963882
-722549
95303
-913013
745109
-557352
-42895
451547
-919922
-963297
-413007
-505514
356101
-532878
235556
878962
-330879
755052
516109
545972
-77180
776807
-532987
-335240
-318835
988371
642511
721246
876727
229177
680137
-349615
-60417
742733
818047
-592843
-660701
192425
231130
-870356
-353115
-197844
-717322
-926331
-245009
638062
455569
-113853
-627824
-800162
-392418
-346299
-162140
579835
-605702
-986473
-726830
-12373
-223946
-157612
875632
-670277
-441070
-904651
600001
-371084
-715893
334523
-704290
676310
-417268
825461
903602
-316812
310592
-680978
-324706
-65940
293895
-464969
-524482
193152
746246
970252
-96317
-333994
133593
968998
-132737
-637624
831588
192157
-420224
774633
-857401
910199
669523
66581
281327
449617
-924438
546740
81737
-370648
783384
170891
-604782
220868
841528
-664002
-614965
-742205
543982
-454682
295112
464702
-966523
-191797
-378138
749978
-539144
-178114
104412
-908563
285196
-1514
-504277
397834
420122
926533
292783
-203093
659819
-417642
798680
-922694
-436036
-897275
499314
-766276
771936
91066
47903
944218
874373
-228828
477415
956430
-236274
-957010
787046
-491162
334368
-559455
-854493
-493704
-335175
111510
478593
163811
-270854
-497898
-397617
130813
61701
-271920
-514566
792222
-168447
-325514
66786
-280440
586298
-446540
833737
130674
825446
753997
734824
-829137
-983038
-376108
912028
-996736
501595
289157
507454
-901261
-632151
-839618
-738416
297077
953430
-733411
-658862
-8837
905948
302391
705141
912457
-597813
-33679
-940057
-53154
-102294
-55553
507789
-519300
220662
-193545
962639
-922665
802182
463761
-132148
-877606
-684530
-581507
122926
834960
-844286
-722591
176921
164149
-573038
-937874
314045
480730
-797804
884766
538763
-721617
432896
397580
-270843
-63760
432020
649711
722989
-413585
-787304
230068
298399
-814534
594748
-839112
-9285
911080
905629
126239
835578
311173
-173978
-147628
-448414
-506857
94995
-603619
-199660
-644147
152401
141401
904451
602435
202882
146649
791359
862068
-981284
312153
-36113
-134723
351537
-924518
820190
-261878
490441
-583907
-466132
-904289
-875797
27133
628900
-657403
-196101
-505366
-671442
875023
-613827
236094
905435
851848
-233161
-54467
-579170
-53766
-242507
532334
-273510
-732259
-690586
-381424
117142
522971
-467420
499387
-816114
699388
-346543
484501
-556829
559091
585052
-397267
974770
15300
939491
83319
-977983
718224
253811
-738716
-368490
-825665
899690
-498531
235938
-531384
-483458
843869
-582629
-679392
-485034
-503703
-524185
-421060
-433450
-645076
849972
-811835
-526856
-883597
-227036
-715816
47702
-125503
-701786
935798
-543420
-908592
-826528
-895857
-257383
779813
-983864
954278
-874097
116046
-370990
644256
-352704
-351173
103747
-504785
223056
519991
886565
-140074
825642
-719359
-332461
-678760
-436254
500107
-770636
-171327
-170694
105550
659972
-187312
-212800
965192
-472626
30591
-13803
-962797
-821130
721777
-380600
-862685
-651022
-697737
303712
-999396
-385639
-383873
-732935
179406
-381932
539802
-652027
702798
367985
-177879
472884
144818
-862429
790254
240232
-379310
-600444
-187907
843059
-259633
-862123
566472
506948
762916
310869
-709190
-622863
405703
-126271
-722494
-261740
-701280
976325
224499
4483
-915080
261887
-949045
-925401
-224368
-346196
-381424
-201797
233806
566513
-913834
143395
610322
286280
601630
-801178
-673625
-307963
369305
968522
-813354
-69756
-589814
-168181
81556
720881
-33591
587831
-664997
815156
-33309
289705
-289002
807543
-982561
-258656
-817227
-131755
582171
885755
47329
112288
-793899
-742637
-357303
-628273
-437433
53301
69915
-334845
285673
-244806
224783
-514892
5594
853957
-800483
158844
172505
290585
-778673
-775296
-743699
-95212
550192
667383
178213
526156
-107420
61528
-886534
-662331
39121
788644
195408
91340
535291
-684339
150683
-602125
-775698
-345406
-140001
-243160
-51500
793880
361167
-24844
356902
846422
315863
761678
159487
611933
-505803
155545
-208115
-128654
296194
-738239
-844640
463978
-606385
2925
-283803
438257
-482390
-584095
-623956
704758
858432
218996
210788
-362313
914844
-113112
962473
-205596
62094
-525717
801140
549362
994599
-920471
622065
-606977
-67616
-399732
-688786
-827683
667098
271761
-407185
54206
559296
-56
-815010
10106
427976
-513816
77151
550655
833881
-650868
-995518
-271147
475591
-957362
-417390
292172
-632007
-632321
787530
821701
-170580
505600
262951
-592997
-447344
-887488
-863207
808748
219920
-332846
-468013
569735
-966289
-927319
-387582
305716
724494
-62605
-856806
-301670
774666
-179440
602955
-613359
220546
595118
-238318
796165
-964874
144899
62701
830659
818122
982053
-988761
-954781
-457878
-231415
544977
-117550
301193
-924010
-525615
-687365
-946558
497765
748948
-809198
-473121
-421736
-473761
886653
-63113
-889004
214339
877919
-703567
-13220
-109777
-397631
-147481
89931
346399
-704161
843751
-503698
-909710
420237
-794477
465084
489818
-815420
-624600
835442
-786835
-148274
551195
-166449
-809896
-658807
80159
-430615
277042
-731685
-31932
-722389
-119058
-677198
626617
-370196
927083
-773450
-111438
-815572
906278
-428018
241764
-462099
-812529
963148
-878419
-475348
724985
55030
-107183
904442
314410
-283982
-831008
285628
347154
905101
-60877
303227
570649
-803608
-693996
-435351
-46831
-486913
2941
657521
-594741
-398953
-744711
-854535
196421
715204
69928
-610377
1
478548
768862
-164435
-771344
-81060
-926486
-630462
-753523
304860
-307341
561407
574471
-914799
275454
250850
240662
-144168
-114675
964834
449903
278714
735714
-154367
-748974
-673512
66786
-856569
-378431
-241804
855444
478176
964171
111577
-735160
-987756
320390
-855959
-592172
736734
644506
-210687
-899590
-855060
-542982
-584950
49382
-391629
687918
-387489
-41006
-360085
367308
-372266
120012
-678866
-38010
981869
-986608
-541783
-380196
-998381
-922481
-924548
811634
838032
639889
-714188
-984452
-908527
942198
-830622
451925
361044
-967272
-422824
385328
-306324
-310452
-351489
101605
-145614
-256120
360408
612461
-114744
427422
-362739
565737
424139
-804570
44467
-318372
-969196
-872838
575775
-43782
-780629
-677413
-296990
718872
-316342
-587726
28386
615362
857993
843632
287254
643435
196266
284566
166237
218303
968451
-949551
-293636
-336619
769412
681405
472626
-448128
15332
-656182
322554
-410619
-865811
35132
156381
60646
360672
-552628
-977551
-909795
-546938
-805908
-543374
172900
-197036
73256
-636166
-601231
-875206
-233560
-17696
-671936
-190200
900050
-65493
-178808
270077
56204
761778
2895
-480914
-536289
-506927
396825
28816
-904649
-567863
982844
519010
569734
-819147
151247
-826567
422665
716581
346689
-246423
83555
-187943
172293
-763379
540261
508188
949227
790132
93615
540986
959754
-986328
895856
-66401
116698
277532
-585912
-373875
-76578
-463375
-129073
460793
385790
463845
-927057
227715
178930
-995367
543084
55825
-938405
130557
17220
-184057
112492
-803302
556722
-598364
-478651
-443525
-362868
-542212
96352
-405767
971212
581133
673188
672034
-802197
626945
-658409
953349
-2455
-512256
-756687
487837
-403222
346286
-160181
-845480
94458
-674232
-982730
-708030
-982159
2774
-570520
238547
994418
381710
414034
-874159
765709
461125
910797
161635
147250
282548
-583509
-409215
213256
949952
-630551
-220303
-957864
-412098
-423973
-526197
-405219
-265686
795543
-322721
-879144
183918
-841203
-352483
-948800
-65620
-164086
36332
502933
-291797
-724650
-302870
52885
590555
-642050
77377
314888
-152826
-694868
485090
-733450
617622
253618
-318495
298105
943869
251941
-122771
-786131
320324
895910
-572182
-10557
655412
-333892
-506323
-142027
757659
373725
207571
-618220
-883781
420620
33982
365565
906581
-574181
314542
-298070
953037
480530
-746376
72740
-921990
-409688
539877
-584170
-563444
473326
393641
823101
970778
894219
38141
-219524
-199352
948130
350684
204556
-114415
-644656
598359
821457
19895
185425
-115818
-521785
-223292
-532798
353260
-801125
494651
720385
215189
-118442
753376
-131024
-862321
600884
-987487
-709287
-890222
316179
-600032
-510677
325932
-809977
128990
821091
-594179
-914038
-853115
443718
-271987
217937
-852270
537930
-597691
282938
806045
946005
217489
812640
412678
488989
-115697
-61487
-347074
125102
962420
-73897
604527
438282
738940
945267
-72375
-683286
-243701
-835480
664234
-942173
-654619
-474637
274921
800420
756359
483480
620224
156700
-781664
715543
768083
-219720
-127057
-62722
-381599
75274
-880838
960600
-164602
-938491
-916568
254211
-617558
-972891
-144708
-788705
-570998
597675
-161618
878498
-710175
-383994
674023
-910583
371506
533325
-408743
-785879
262581
559209
931962
66724
739292
-755376
-926501
245238
296704
764908
-275735
-938705
887853
-742118
-136770
-718149
-407546
773325
-592731
933341
-299561
377555
795049
360378
670518
-228688
-771112
109330
28884
-282074
381081
816777
631525
-298410
-824793
-49245
-767318
-987520
253481
-287921
-252393
370023
733168
833946
-870234
472016
793932
185220
-371400
790440
-977013
199280
-10845
258501
-243057
-615756
-580004
-167995
-526325
643793
760514
-684141
323290
174268
-593147
-953848
-433156
320731
104881
-436179
462381
614539
-230181
596767
244004
-82850
-232090
94732
-446619
-939934
-209166
400217
-823485
-668004
69347
819430
-352138
42388
648713
-241559
-365356
-983158
639089
699767
759856
942918
627911
100129
-928436
788493
462182
-45253
280059
-174416
-417154
-582344
549592
-248770
-256159
631089
-748260
708569
726250
736644
113440
449446
704522
-116711
758000
551134
986608
43840
-161400
-836990
596181
-473674
686894
35243
-319647
-675897
-199957
343935
-12739
50573
741671
-80705
-421450
699990
107744
136830
-787958
400676
-520441
187885
622291
106829
506487
811345
852365
-528445
-89581
868245
-628410
-761618
-743686
63739
27233
666549
34794
-232082
95110
-972004
246446
378996
-382294
-781048
857541
-329153
-676170
773661
355217
697186
481751
747848
899128
-974303
501345
-305960
-867941
-44063
-325920
736839
-717327
765630
829245
316311
764287
-74308
-941814
582360
-637450
-837867
810218
832966
-98583
-339920
-805728
-644337
-922647
399027
843698
967601
-958273
593455
-796103
-561662
-231867
877306
783688
181193
531553
557978
-131977
-999030
-145633
942557
534667
915296
997482
515718
117443
244098
-291865
-639838
-951358
-173464
400622
-813064
977300
-80506
-650714
-943330
90078
-594249
211388
496552
-912857
-466891
-575168
-601220
17213
-897979
340764
-537663
258757
254832
-908367
143222
-683549
91755
-916080
172319
-412287
-54760
-950703
-772967
175296
512549
-532972
-679921
-899847
267090
-425582
327173
272751
255313
-263074
491922
662803
-904250
-294466
849066
744690
530926
-428640
118681
-936769
-687269
-356933
-495860
24569
46557
123075
588234
894008
207101
-694072
-866176
-248166
-676445
421420
-623559
439876
-905001
-245825
370796
859671
365348
-949639
240815
356849
246297
872659
-510070
-782307
-885015
945986
-873626
739416
330418
-629295
265637
824065
-986150
895194
589643
-910244
-968298
-563488
795225
505218
477061
-546036
-891974
908521
-432776
-950590
-873897
-658676
-191403
-606240
361925
-199881
532241
-8557
878366
-399119
510042
-69291
565997
734085
141143
712583
579
-778193
-494201
-201946
-117274
-669984
-239034
625197
-64087
592174
-56722
529416
903511
-903717
131738
-180048
195785
278913
-768122
-635417
782103
158167
227730
-313582
276971
-944350
413669
-440530
-846351
394810
-175442
-358032
207210
-333769
687750
112765
-850336
522681
-134158
13891
364020
130257
109572
-979342
-381869
-148336
957088
-646245
-130617
149289
273244
-182429
-208918
-784315
466305
960995
-75915
-620444
263855
-880608
534710
-153493
126364
-238046
-417248
-570802
-857987
398899
-338948
-362150
-821763
-827850
-995778
-909793
-280086
910497
995698
-590343
-458385
-586984
-785963
826555
-441220
-906073
-581888
317047
720066
462236
585407
-540309
-79910
111743
334977
901387
594437
-970577
-567833
315558
-237938
153243
-180481
358712
-816308
334105
272522
-996019
445636
-696474
-281095
646285
-377365
502587
720375
409448
-37624
-713080
-807520
-389538
596024
-387504
-616369
-750869
-604277
459296
-870764
-386674
-852532
-254803
-13371
916469
-382881
-689527
-976469
906951
273218
-365182
-654755
-482291
-817867
506263
633515
-955330
996598
922648
598193
-216475
994214
-394151
-937589
-204559
593351
317074
360487
-860903
867047
120150
356533
-363286
-188970
-55378
144572
43246
-183662
811218
-825018
980731
-591292
-468093
965948
-854123
-957725
-66296
-79028
-630783
-648201
158146
-372730
12775
-391176
-125458
312326
-924254
145109
538743
-101428
-629464
955664
947958
800040
974993
-277370
-716729
253264
188614
925133
561097
-107500
-838457
-638026
-871503
433960
-933352
592113
-546677
222880
-628535
-86064
921679
625275
-730207
-498396
677276
154838
935782
-993597
-68076
-157119
259660
-646997
344147
-953681
-662536
-852415
643212
-654329
881071
315698
-444734
852183
-697185
883707
844961
196264
-561462
168835
-346377
-998676
-697845
522469
49490
987156
275271
-724148
-942538
706622
-550479
-974856
761979
965772
979257
881629
705601
-588912
-532462
-981398
-151151
-196637
-776738
618727
-736878
-35115
-227079
-586633
344805
751806
-660001
-395459
131869
851059
-61381
781467
181726
-674731
374157
836630
412817
-811901
-201610
-159019
564033
647983
-846045
153416
278805
-24818
628308
453478
70634
-492567
-898552
-792562
-239732
-548015
-574777
-313713
423826
962927
263051
385091
-457133
662009
-548916
830550
681352
-819007
826791
916773
845184
56040
576426
-778431
407034
-580561
560318
828050
-903134
407150
445106
-7272
854699
448157
480864
-511539
87941
986639
226302
-151001
-944708
810047
-319229
-719815
-202259
-815421
784307
902905
-728091
386141
-550711
-653924
870359
-672719
664129
-411363
446394
683408
608191
-80675
-964419
-489486
-512865
168165
-741400
888067
-627814
68423
-705712
151764
-356079
635298
-470794
-511950
-863879
-558781
-623426
928916
714596
-12951
528391
-569555
468904
-841695
549867
835362
-757586
-949424
-787308
-699562
959577
250831
821561
623072
-826608
-724944
-321612
-728802
400234
-468833
-100670
414435
-241419
-80284
-932266
978635
-46301
904965
470938
-49360
651090
112137
701443
511541
-918538
284759
753807
612863
244454
559420
-523618
-62588
830655
344971
-324246
-422661
483065
-877602
879909
-118029
945668
57979
-154450
933376
134814
782675
181871
-519280
-461772
630436
142166
35931
79730
-132163
34925
558329
-579991
-77855
-343656
370189
-307108
-164027
-987925
-370785
13095
10420
425381
-839800
-140595
888659
-23859
766598
-365795
-628994
-29720
-51729
383359
632912
955220
702339
648800
843458
-239547
191322
71608
-386837
-772519
34940
-970700
-94747
264153
-63473
-204923
-456752
-642930
-280021
-388795
-957200
-232386
2890
-467455
890226
-129598
175195
653543
-741940
-101691
969461
868621
-289215
-963685
-276823
-158373
-503804
590523
598256
-435177
305396
-96165
-863677
-601333
499206
-502362
346314
440021
-477631
-981475
984236
367563
264034
-965625
551941
970376
520735
933014
-988299
-98536
-932215
-27368
-32299
335932
-900214
688854
-444923
372186
583438
494605
-643999
-223868
-498369
-580602
149970
484387
-548760
50388
-563072
-415808
-788613
-874198
-839643
-131986
1965
-21930
-980483
813784
-798785
-692642
255450
-260381
-664744
252598
-504876
-446721
766094
-194790
724125
331279
893956
527246
-310670
-744717
-954195
1648
-529107
126894
43823
-780361
26487
908217
-971550
47818
49436
237027
-254857
672895
800247
-576413
919350
351278
194316
349564
-269217
-195086
-775500
840139
-959054
-276868
-253069
-824912
298507
320403
395493
-414505
444709
-422356
168279
235490
989055
900513
-299021
-670283
-447653
971921
-326381
-320291
-245789
-595627
-132554
-669923
99687
707866
374800
-305513
-279103
-290784
1467
-840172
-901670
-608754
497676
907376
-108859
-378001
821377
824741
-135928
-94387
-441770
638962
-740996
231144
534326
499623
569290
-519533
450830
128656
430229
739884
283006
810620
-609994
-873930
330985
-818712
-447454
-610795
635180
197069
-91799
854117
-563349
-664445
699863
559351
-403705
-472240
813629
-960152
-475604
-747246
-791734
303456
999558
-107004
-468462
-492828
-218221
90288
992433
-608807
-444140
-433935
-384887
-285546
834205
-653404
465830
978468
398156
770155
-847677
569749
376726
880797
-331162
-525699
-235843
-523826
583078
-580206
-737059
-473482
-785779
492124
845606
79552
-183144
-708840
464036
759537
-923557
3247
-918598
-220045
-934975
-375346
634158
341246
-319119
-726494
199133
-91806
-802611
-469711
464143
-537998
-691948
-902312
-132507
-494320
687143
423261
840815
-955310
27753
463664
165210
-542130
-181953
357955
740423
-731384
27447
604162
-857930
-207116
-402236
-897423
622625
-659415
-870361
-23838
432421
262949
965354
829647
729947
417463
-869113
-868007
267334
-860531
-873051
-37922
14820
-978086
772482
-843471
-702361
-765277
480492
301945
756222
556967
662889
-534873
-305460
904937
527478
-96107
4986
-214053
-972820
-345928
-499736
-461399
795647
419842
-78850
500383
-404383
-48681
-585055
-812105
209540
156329
-456126
435139
-960004
88498
-430320
-66509
120706
726605
-832947
-846716
-818923
654194
881598
-501050
-221894
-308276
-40260
68295
540773
506873
560744
-64031
884464
-685731
386172
-440739
547400
-584797
71996
670723
-783577
371154
-237941
-498496
117243
-430329
-677607
467826
660198
-111915
737338
866130
637407
-483659
-538542
-544642
371445
-750420
-374035
-473310
912948
-764040
-83989
967490
-447584
-954890
141912
546855
484318
414227
-779046
320100
-82318
462956
-616765
309252
-591965
-822651
-191161
424275
-343301
-339933
409543
-580667
-531605
-119865
-332597
855174
697099
-839865
-225009
-111074
-252290
-632822
142388
933824
638324
502239
609559
893873
-61623
-856070
505663
791632
-868662
-546419
409840
-172858
-529640
-732672
246748
-704310
-765658
-994228
-472455
94097
99677
27129
-851602
-509103
-915874
-700750
228263
-940303
-445465
513538
-171896
91343
-180529
91693
15677
145837
196907
430637
-539728
-27464
710035
668616
109716
-449481
633343
99914
872991
-43699
-156086
869348
916308
-265878
-300071
-834143
889086
-948908
-878123
246785
-73288
285518
102675
-261964
52905
-871582
312725
759284
-636082
448336
459050
-665345
-346128
546963
762288
565296
64436
-474100
360826
649529
-781615
120270
-561588
-360192
-335268
-242555
-144765
341523
-887361
309123
-652078
225224
-155576
699881
516903
307445
-393891
816238
-170837
268360
719182
-639153
-954775
903493
721603
-890669
-470010
-622629
-165292
-987782
645550
-3679
639031
-474431
896912
354482
-653420
-468715
3839
-404447
195701
-112558
201529
209819
-93351
-173066
-430907
-486504
-798744
-646042
647925
-624579
-68416
-546467
8971
587986
-302995
567533
-983176
482267
-819080
-28493
-882753
-762155
-703082
584988
-38151
-877810
-251647
-148275
307697
528161
-433819
-621132
697071
115598
-600720
301865
423826
-114958
-407284
-13504
-991018
357991
-712663
298029
-394442
-158854
-736461
28756
109419
-931131
449827
-221971
763090
-788311
-733774
-786607
-640789
-197718
-284889
-893469
-362754
463591
-386863
-662243
-924456
770356
866321
-868426
-616397
-466986
-729329
898413
-760397
-690470
984973
594037
-91763
-521966
921816
622333
612930
109357
-483622
-726821
780297
-359950
154317
736596
-116917
805273
405130
-326390
221896
665542
95872
464643
12503
-68189
786240
-762542
-330166
788248
-654540
151524
552560
-180694
87536
435177
-365901
473069
-603872
158044
-769694
17191
-271839
358961
622858
-496509
-118867
943771
892029
600303
244270
-481033
-782476
-877422
16051
46296
-130480
-40083
-969344
-10577
-796548
-413427
75711
578455
643439
-31638
-85419
998075
-784306
-187296
152912
237797
-642130
-325433
601212
166179
16887
-516175
-157547
-876648
-557212
573119
674710
415836
-543962
867360
54448
818193
-14295
115112
-447146
-559741
388590
48649
-766987
-796421
476055
-838608
197569
500481
-410690
478635
-699125
955403
-337631
-997905
-336922
882678
-429233
-703031
824255
581093
-572641
-782137
461423
-691837
-683197
470714
-983007
12739
-324762
564294
649345
993986
-127522
-987751
38147
317898
791054
-259528
680141
179696
-784165
702325
-975550
-865571
-754871
950525
256940
643625
-811343
268046
665989
204387
870945
-733755
182115
950317
760528
-563051
659197
839044
384060
784340
674014
390302
-628382
131311
951844
-519956
738201
-992706
-909195
-540481
-85620
-375310
206720
-531833
-245294
490027
-516693
343734
-414932
956711
226910
-507046
156820
936299
457290
-711526
514182
820505
459344
365630
596227
682956
-533083
-673943
672700
434898
921570
-811802
-399657
-145460
-152814
-837980
-555289
456247
856173
49106
-304515
-926314
799167
157715
251096
-469570
85480
-590754
-346825
-577986
168188
-165898
-19121
-538520
15114
-564352
629081
220928
-95366
-939450
-852797
-530687
780432
-167801
-14458
-415994
-755187
-778760
-590825
978396
594292
951771
265079
-274655
460266
-956741
-154779
256536
-307018
-515903
898484
416781
-540055
-728778
-244681
188511
780439
-703082
-106664
981039
676931
-729779
-413112
-389212
63193
-648175
-597168
603480
158164
267867
-523962
520802
-739072
-233981
634652
-397568
340313
742519
-741997
289633
874643
418711
-928371
204045
826803
77361
-731905
-759054
220634
99092
-206843
473612
-740062
-475437
540047
-74961
-353247
-743912
-558151
-404492
-884981
897954
-717511
-35010
965236
-746404
290929
120936
-312526
-574181
206885
187917
62689
415732
965062
-284557
687488
436280
863085
-651884
-872904
-568434
208611
941003
201789
67755
997341
454936
857165
-449232
-328123
965136
-121642
584991
28723
-308508
124212
688379
574458
46731
-374632
-274308
-379937
-43633
422916
645228
971493
810609
145522
135969
-884156
198074
792213
262423
-94216
-667488
-115657
879145
-681995
-810799
7617
-272660
35191
-820130
705625
417961
117368
-605113
-849243
857844
165051
-286049
700335
-143123
199558
-840484
-422047
384787
-582548
338237
-941009
-839488
-123320
-609320
-870317
-885691
-401594
74303
-453836
-68062
956443
849358
382688
-350238
843733
278164
435512
633105
-160564
352220
859947
-794917
606008
138199
717466
-423485
73820
952295
-162981
346620
593121
301962
834522
724584
-579523
584161
514777
800810
755666
121436
177751
195690
286995
-109179
-203761
146341
-591647
-162715
-215657
-933203
-184076
526871
178729
-179516
896372
-717209
-934913
537041
903080
-163803
419287
-772163
-936379
258444
145174
-932755
33768
897098
-979063
-985764
94240
615596
-1850
353363
-254558
289512
-18895
597576
-114145
-923002
-857061
532945
-161229
-906901
-655100
672067
252788
187139
-90239
-455317
754091
-84726
59833
-970520
774687
918392
987017
459428
-742388
667399
-238137
-271379
-634445
-338590
-130780
393012
-545781
-653589
199595
-803616
-757739
4393
-606234
670544
-918067
-7731
409503
136428
906684
182751
199876
596198
198699
877450
896612
-532077
956146
-85632
947030
-833056
-177554
983051
277112
-382350
-787184
-226126
323989
717790
295186
-944380
-994080
-763006
368453
694532
-320483
-316930
-771833
-253776
842975
702930
-27056
-414160
-296724
-178794
-556565
-106088
-227268
704080
303425
-712102
-575840
-921867
-499632
922699
990464
320511
-513221
895312
-434627
712359
-664708
-705883
360245
461760
-171595
965065
-586012
-935632
384163
753290
-202457
-341621
-966221
-71512
239005
817229
486703
-690775
368806
197684
-624879
-791239
127117
-294728
-997768
247867
613698
-473560
918712
83440
-600896
893027
-136692
124098
-621683
567471
-658457
-133458
-879520
150969
944104
4941
636892
-734935
-434837
633725
557563
-658719
-660293
831280
685190
-636973
883046
184657
-154560
497788
759466
-842162
237603
-863871
-35317
-649274
333250
-583836
99590
-984879
-665395
-746781
-684065
17638
-167373
-339091
306967
703341
958562
-15294
-176262
778210
800810
263334
-143276
799394
452415
-166591
-899773
-169898
144477
-85226
914216
-954759
302982
-921698
-607433
-472313
-420761
-796928
647726
531652
497240
296944
-400733
141605
224642
673441
960502
-249505
563484
744808
-103579
266123
610382
588911
-952643
-367885
-755658
-21998
-191442
-70532
817288
809305
579768
-71249
-192048
-698733
-25022
924645
605011
455819
-413495
489487
20243
886122
-555851
127520
565618
78889
-581049
-247273
-761618
120112
-756817
607020
-471669
-354544
-452805
-228586
133966
707290
135465
510199
-321307
-846182
-207075
-342426
-121116
386931
-846162
468374
-344918
691416
238362
-389721
183906
-702748
-86758
678281
141605
240471
-439855
315017
550717
-730962
533342
653946
-764411
-211234
-945904
839297
-398996
-214356
-357191
-626308
-269288
-471764
-746981
-10737
479526
-692908
98303
88141
-111856
363195
-774683
161280
-627672
-621452
-821418
450710
-367423
936961
-667307
-149336
38253
39926
-737548
781991
213472
-694100
-109822
-643803
269555
595998
723042
-978114
539333
-50845
301943
-658783
712700
318536
-265669
-874306
-551127
320649
-994833
27790
235593
-36820
391533
-86790
957160
353787
-137447
680809
313057
512156
309878
-809367
890176
-96434
562132
442873
610120
-71998
-334169
-893072
-886512
-87276
-276492
-35442
-968760
549476
-185244
445598
510105
-692586
-141317
287172
589098
954914
119906
-402583
72256
354968
-201120
-768961
-407171
-358348
-239385
195571
-469559
843929
996299
-170641
-593714
-945234
777230
-305207
864541
876690
-896042
758987
74222
-307907
-71680
-783329
-521852
-957004
-224691
797335
-888017
-557592
68282
616471
658667
352556
771822
419744
630310
-207791
-848563
-649991
-938849
-915871
-358742
814715
87658
-937996
-190439
633722
198800
923441
-341023
-522677
-391341
-646299
385680
-802441
37647
-337223
822569
-393093
-864453
420499
-634503
-488136
376079
-608500
991496
-340099
-413632
51081
-567766
882479
836327
-773256
-591307
-146029
540031
-279511
-261811
-263368
674189
313158
138202
-781820
867546
-453263
724251
-757543
-640420
741753
446676
-907549
-638413
-845384
-446429
-116736
454991
962827
-622863
-881971
333870
136047
384387
349642
-211005
375860
-649040
-256983
520178
290785
816301
937528
-889928
767013
130820
112103
-941208
-195339
24612
-558216
-269424
-741690
93329
819268
88954
472297
725564
-554972
759886
-163970
409197
488450
639829
-135274
-631204
958460
326232
-228631
660576
12465
744103
322224
-252353
941740
-542539
-875871
-67676
-56981
884961
-432507
-121554
835851
-785457
-923657
-527708
-485231
-80907
-687685
750407
-199721
-65358
-184008
-422976
-877167
811032
-399085
-665287
332283
-643638
-540310
86280
206881
30849
900522
-84731
-215222
622377
-304114
-122244
-167678
-413272
480692
586302
-654781
833726
851037
-439598
-489281
937095
782657
810185
-940083
241182
871949
-581329
609645
217948
197755
-743651
-668167
444862
-969845
-459796
954731
-396572
-692125
-369916
786885
-81226
608448
170706
21793
-35551
610840
523224
241365
-185217
-416178
-300706
618178
-660971
763537
860870
277306
192949
-227246
-294659
192523
-234236
48736
346638
-228948
-381226
616737
-492848
-978173
412597
-835601
-179008
-420271
-943615
711820
760553
-895301
-298575
58308
930431
-715018
190775
-46178
-568436
-45043
-818046
150078
-12734
727890
-765539
-873126
799726
769375
-658187
86487
-784882
-132280
816184
416383
-577031
606431
-382248
-403487
-575300
-634718
-241874
477126
682758
-127931
854588
937675
-452167
19032
-335605
847520
-921184
885654
867635
672731
746816
-28215
-235271
248826
-4537
-465828
-535150
-176012
-295135
-123649
-113914
727418
-857558
-996623
803248
-244145
86270
926701
879714
107585
-683413
607155
228645
-212157
385160
696753
-754659
-335064
345567
-282034
-603893
-224386
727749
-722348
821229
626565
-838709
-669704
-794944
-591030
-777395
-478714
945894
-135707
408999
575277
443042
-602165
-858872
224229
-259393
23249
-181538
27768
-402480
866238
-117007
-766412
50835
340363
-720500
609708
385647
105273
-224043
796837
395165
182607
-633666
646564
-792221
720751
329620
259218
-455942
-571116
512053
772617
-539503
294379
358751
743101
309994
-989622
407331
-323190
547619
-643631
950776
-526059
-988913
-794980
872043
232098
633667
573730
-661900
-352142
-912851
-445651
-288028
259415
-240931
-36106
-272261
-854314
-656152
810972
782615
650230
288065
451462
73643
702216
359041
211196
-170150
-700801
361360
-794592
900105
254263
-664657
-828095
-905307
-778006
-484405
-526554
202094
-703935
-831886
693890
583171
-168939
853362
-10234
-403578
-387758
855952
505489
661611
-239368
-917662
959363
596194
625339
632650
63791
596191
214987
-443889
-142098
106946
-734418
-995175
464080
692008
581320
-129591
-985362
312525
-251651
-53133
352475
117404
972909
649337
-216903
-181930
-933538
-983547
-591897
367834
-817992
222178
-746792
914582
910249
876664
-137601
-110197
639720
396514
931430
-150410
340375
-992978
151134
-753632
936514
73520
946257
-190908
-825083
-286461
-661069
-364904
50761
463389
256023
-448006
205486
703886
-237858
-124744
617221
810837
462474
-23812
607348
8287
359473
-504366
41405
19997
94732
758744
-221416
533056
249007
305153
-641732
-125932
-165805
224517
-351363
-771978
769743
-81175
643983
-167436
949926
-479834
-517144
254719
996409
-164999
874308
-582961
586781
-575802
229186
128980
-419193
652970
418092
801236
-303900
-403684
758740
-465243
-185979
-322
261017
-138487
923768
532038
683913
-982111
611314
-696829
577824
532112
906856
151439
349999
-485075
-142916
7696
287064
-347164
467092
-10710
-472011
-949334
-518713
766853
490009
-949862
-776591
760438
731374
544177
173734
-521396
892733
566434
-449725
-17222
-421427
162903
271200
765148
46946
721542
655841
108007
657191
-26261
-789972
520818
30374
-443609
-543371
-657573
-195341
162997
-60236
22103
-195607
-635003
604984
330778
230284
-439497
703446
199199
-310770
-991755
-559687
955029
772589
69485
-862243
-277274
-830279
780266
172567
477796
88563
581006
-191284
76818
530705
-387282
-48446
307213
-665569
-936630
-557549
158102
945791
62503
165437
846908
-764079
262539
504663
327722
-118035
46101
-92705
-515061
161677
-382794
555310
995861
-644600
-974384
-609268
316089
791225
-304407
187872
-113434
59518
964876
-444032
147828
422108
-406596
974631
-337484
175424
910102
389636
-471151
120161
452098
-403473
-133150
-291263
594965
519478
-321712
362321
-319225
-964842
-106145
167476
-428596
-84283
-663270
-412516
-446128
-928212
684383
-290735
393940
-213453
-365244
-40496
507360
797108
-874203
-144112
-195612
-240111
394188
-503969
790255
-187039
-911557
-958613
-387829
596805
-581864
-617379
-263373
-65191
-953034
581664
68849
257222
985276
-618816
-548968
-91659
304884
813933
5787
731614
669746
-969314
645129
-216194
-985378
-891310
-248154
983015
-248031
-834831
-431705
-9231
144296
-932654
-985463
180238
920856
375382
230542
503868
-184690
707377
-862891
-382957
661713
-885559
-41195
-664066
857751
105014
72182
-201082
401137
-300694
-295541
676810
-459309
-710166
410096
-258421
-988604
35642
549501
-300060
884126
773719
816932
-170089
-895613
-882850
513517
234625
-623396
-677942
-840182
424752
-772977
983899
888729
939659
-953923
-106223
-904969
483247
538676
-705321
550459
-999333
628344
861757
-133930
416769
-34583
-927906
714821
-735107
-83055
-220447
-798608
-104223
-809588
-266982
-944989
-257169
-961644
967120
-261466
-767712
371881
207386
-355334
227809
17241
825442
639411
-391715
-514255
781835
-490131
730613
-218688
-661969
-58004
139213
-94524
699905
-469676
458752
-571276
-356398
356737
-866573
765929
-434385
-775548
-210361
98090
340391
512187
-29080
491219
-15319
-31988
-906174
422752
-595060
291646
-248172
507547
-722519
-182925
718173
-402656
-212061
-778042
-894222
-854262
-111161
700285
-707663
79932
-348914
-300309
792400
-921266
-291905
-68123
382799
-490223
184753
182494
-498292
-866495
492335
-476894
-632203
428870
414708
418859
916311
200359
2773
-889692
903381
-752628
-102530
704375
-520971
829421
527188
-106987
639701
953693
239482
866498
-466693
-887571
-89745
673305
-366519
65598
87765
389028
-922609
923175
-280243
-124656
-597573
-31105
104061
20880
611627
-356089
963763
-633007
-330077
-397449
492067
142357
-414630
-724573
959052
50415
892975
-743222
-907399
-881255
850169
640635
-14876
-884875
-922116
-132443
646645
-791521
-934921
443321
659496
276779
-702374
11646
401420
-583680
85140
691313
-931353
-979888
601355
711382
-220681
-539085
-140635
607071
-475309
990431
-62589
-281608
553584
519686
223438
-135507
555968
436044
-794583
-136519
-873995
667108
-419642
722348
469604
-606522
512404
-59209
283652
21006
-650474
491159
972693
546420
-652465
22812
922589
-621596
923226
241237
551437
273082
704790
-643750
-228413
492060
-574594
-937930
-598103
-275597
-352106
-425233
-551750
713862
963969
-417229
-75227
324021
311600
532128
233674
960592
619445
696239
392673
170258
-689611
-975170
-665414
-895171
-522116
339514
-619617
744915
-18389
-772122
-996139
146414
-541812
49994
-921535
-187075
862726
52026
774824
-211557
-542676
-791551
-193137
592461
920047
139819
240705
-257192
-166540
904428
-47249
522877
21632
883760
-632719
793427
780176
570688
-541909
379775
-106234
-836338
-766709
-9071
127741
231837
-248658
423550
-941123
-591985
223906
882742
531274
992204
-219578
-182046
158743
-297395
568654
280252
-898856
204418
794211
-886
921589
-722970
-245529
36408
480666
769821
-117674
347025
515179
-63930
-509624
-6502
897621
851171
-891245
364171
-285056
996706
826125
-900886
119392
503752
-119442
-543034
141291
-779399
-63660
-961778
-633755
502694
-446879
36876
601047
-936877
-196481
81281
-436066
72196
-19900
-172963
251039
25091
-640144
959899
-850152
-881199
-833133
68151
-823534
365863
-834228
767437
668019
966951
-736212
803920
99503
19364
465848
-565021
380575
988042
520077
-4137
-875926
-305940
921502
607682
649503
-317784
405146
988728
894053
-310983
806249
-833879
889033
610073
604884
-363305
-56521
274001
-968892
58993
-392828
-240738
473122
351825
171176
288322
-859170
367055
893961
311908
-570485
89920
330226
-502236
-462296
-226161
748066
-653888
751354
845173
710017
664156
-815980
-13352
853614
-914575
-654087
191294
37299
931797
495448
-389908
-525286
-193950
449781
-974177
-682983
151750
418473
601446
220328
-28313
-346880
-81382
-978508
-911504
66176
-209157
-941780
-540419
136585
754921
-509256
718943
403160
646076
-27767
901132
-554459
343488
-524213
307878
-90771
256976
-826057
-388442
542794
842125
846918
-633051
900477
194748
987136
377159
153614
921658
906610
-222012
944522
217500
251198
683028
433260
-878489
-429107
-744777
57366
-418840
-674657
-895074
29950
360242
-74046
-275527
-742554
-383054
237281
-782562
363331
341744
-702604
104019
-260545
-220828
-739051
-461896
875354
563315
717555
-950764
-254549
-184315
-949153
806202
-243259
-450621
-933116
862039
-521291
860786
-613453
-139813
541735
-553369
-84004
-482558
-924760
-604762
-227558
216190
571526
-550373
663653
-163517
-575533
940916
-143637
-336018
346249
-592999
50680
514643
266439
-259255
497809
-748767
-170567
387282
374049
367540
-696041
-914451
801867
-732424
551620
854963
773726
953460
532630
570816
-618010
724858
-622795
-826013
433759
797162
-83556
850943
955653
639518
200125
-661887
674375
-481419
-726079
128893
541657
-920193
439149
-141080
304105
-222014
549152
-909460
-67607
-582873
-442247
-986900
-973685
662532
306325
-371948
314443
-102713
-732555
-301669
-120666
-389701
-255489
635288
-408344
-522246
-605925
807806
267043
126192
-905218
-496714
121019
-714105
805891
260951
382751
329332
614069
62341
-581486
256030
-910743
413795
-924505
-90586
-26488
-103754
-378549
880279
-748181
-686313
-302596
-60116
255967
448724
245144
-187464
-71992
-323995
137936
-694346
-974111
740614
284219
141677
-793567
388469
-565241
-606784
-688711
262986
605642
-84208
346426
-378642
-567818
831310
-389036
255161
415723
922784
-730950
-838228
490535
-685777
-74719
157128
-596455
-376821
-708122
-22775
607251
-470596
9167
-659966
-816547
116454
-303383
-775914
132965
430103
-625775
-602928
860693
593457
341391
72032
-969667
612591
-273187
497459
-283217
830869
307589
-985427
983658
-582344
914856
-113274
717806
-354265
153499
932798
172846
-12939
-907989
507326
-472284
-922332
320385
-531059
96382
-137744
924321
36779
-217226
-395211
411916
-590066
-703553
429565
37894
704310
-569829
-38742
-926862
217711
628234
238396
982233
116643
636956
983744
-898935
-179495
336232
217302
-781350
803022
-861803
-33187
416524
657454
239637
993853
-99124
-408081
-597262
-139312
202965
-383285
-348864
528494
775987
-467368
-118222
822291
821027
121157
975817
-61777
351639
-812621
-391897
438283
-537258
-458451
-686718
31315
-742209
-877882
347956
-275260
-202323
-918706
-328465
334578
-386442
-596688
629773
31926
-429554
709483
-651899
-508108
-578615
129963
936570
-917371
-100930
320899
-175507
-258171
768455
-229174
721427
4794
-884444
-340593
-144830
109919
459327
-540230
889604
-726387
125194
976960
-409778
-578683
-4092
446594
-698677
-764772
-432805
781507
-287535
-427325
154668
-973628
-262155
-943438
-191898
-128386
-185414
-935631
616140
-727429
116836
474755
116633
586962
-562325
-9617
-532547
237501
-307317
-349844
541766
457176
-83208
-891288
-273190
544889
-552657
244149
703968
964006
-767128
-619887
-937153
-895049
547240
-624944
972990
630409
633714
495144
-816629
-222500
508573
-534247
-486953
-885302
-406591
-625929
926366
-68251
-602037
293653
147076
-908565
539952
-576752
-77861
708264
-423874
384821
-223678
-105751
85646
-529904
-67097
451224
-925546
388114
-805140
-232199
-779813
-784291
993639
313216
733123
909232
170244
-200244
-903928
496746
-906682
681156
-29239
-63812
665834
-155187
-53701
657264
-854676
80165
370684
891088
97315
-509729
865544
-131020
701575
379259
-896060
-632660
-898797
-622943
608440
594246
-198587
787578
-617638
319484
779075
597932
-228731
-369603
-53864
-385552
-452471
614934
344347
-817711
-250916
804477
184304
461570
177773
-637254
-285656
297308
-538855
-981901
688772
-16140
447799
-560174
408023
669014
321870
410580
585353
-403104
-187162
-734415
783287
356540
675707
33252
-472968
804219
-324210
-615210
-215237
-83125
733399
39211
-48820
-688683
-478059
-218712
-451851
140853
973317
-897218
872769
-522985
-738959
773176
-820132
814314
-272161
-422402
-661098
457284
-112534
-891772
-416250
484818
-64337
-550446
-448053
424954
-474274
-461392
-221074
354063
-814608
569837
762723
520368
-522377
661452
-33106
286014
876433
285708
367267
893815
199414
-442733
803782
371124
-412751
526006
210768
-897093
-455700
194215
-434989
-416702
-78877
221052
-678411
-44799
-537605
109528
694360
-852622
-163989
-333256
161818
629544
419096
178524
-135816
-63799
-326401
-93489
-830835
549930
-609460
-311915
-424391
392965
-401017
-750991
-459108
-668711
-385938
61136
-19646
-651169
530141
784725
-520231
-317916
302186
-668158
-656483
-196920
-329459
-648064
701524
-858671
-789764
-117621
172149
-212820
-754410
520316
911972
-360382
345717
-784396
-581544
-8781
975398
-218590
213598
-306510
915701
-449358
-308106
78845
906977
429395
8027
119159
-135506
-66974
-143903
-391453
607386
-540616
721014
20415
-711513
-932851
264010
887739
-142697
967943
-110069
-702123
-478474
591843
827977
-676974
627153
985790
389881
-984998
84356
-649855
-910699
360049
-278607
791399
-965152
-207986
-21299
-648403
165448
144410
657108
-773803
51428
-907898
-811363
-919530
922524
490313
145352
-362141
800359
-713227
-596141
-833386
237231
255861
444492
-292295
622290
947045
840865
508529
543426
611086
849043
739976
-569780
-415620
-886583
753429
818166
605886
-369407
-647350
-639231
243898
862689
288346
132493
-144598
-556949
956037
-988580
-919497
856207
-196415
-195410
-378960
-975653
819719
250828
897639
-202546
-168777
-26847
-157656
645706
969000
731138
223063
-153433
-444336
-987761
838693
-934172
11277
-800207
557679
54008
-889586
922819
-633933
-978873
453088
-902835
58287
-107728
-445287
137579
143896
-989757
987291
-785844
509428
-164208
863749
-20138
-50412
688026
-152388
336103
-643918
-238485
683665
-525257
-364893
769217
808464
883161
-918472
918502
-485404
-869280
-272969
-915939
477546
545182
95985
549304
-773936
210824
-618880
-409401
-545687
-727371
66335
-560533
-892527
29701
-135002
493640
206136
481502
-550496
-488936
884620
-530030
-739062
-293667
-206777
38877
-886101
-783570
262034
51978
-558837
812979
748053
117044
429073
963756
-30692
416170
-50756
413611
-933145
901356
-716546
-917534
889230
-763822
-881872
-743145
-298993
-996660
113974
-921420
-807562
-771132
-757327
-172678
418471
-654176
774618
-248746
545995
693219
-596735
-417588
322773
-167693
-517744
-973776
355957
-435935
144179
636679
-659628
-810717
-297094
-504144
-776735
-941944
-952629
696758
-504683
-750072
756033
-968959
508913
-647191
-78369
902308
-896890
826587
-202656
864707
-187887
-359568
321708
924063
-780226
385594
-737689
-795456
-944115
-850813
-13532
-711746
-914094
907555
-865353
-70101
556118
452738
-393688
694304
-943973
753323
-66364
-47389
-6467
-144632
-239795
705330
471156
464192
970961
-293586
-505802
784170
370456
262119
-356742
351468
-313673
670336
51862
-473420
-537023
916607
251337
818834
-859491
-618828
-296747
-86927
-492813
276290
-371259
-123471
410176
-985777
436429
-984990
-700278
-206524
479182
868766
377517
-335423
-318856
787203
-357933
-253407
-654454
843851
134530
988068
896437
-274677
-971569
-724161
787486
301573
854320
-66051
-302845
-469335
-118545
115088
799477
247855
613051
756728
-903613
833610
239705
-917681
155383
-498167
-699785
783534
104826
-922289
732321
582720
181330
-326163
-977843
830049
-460788
519513
423824
211186
892725
885646
889971
-108100
228226
438399
705249
530558
-845041
-937416
920759
-210667
-664764
-531308
576254
699590
-863916
-23915
-318667
-796501
-245409
-296477
-696634
-546120
-381852
810011
129770
159552
-677260
-69302
-707189
642161
370881
375660
-144988
404471
35654
-545525
-987649
327800
-649118
280633
-860073
88053
10132
-491331
781982
-347704
-499370
-887831
-833173
-831411
-602605
478087
-20353
-42979
-315835
730226
-291598
-322954
-459345
-183488
-628865
-905930
358068
-377571
-3992
558982
-347309
321075
873735
307220
482624
445381
-985101
-405384
389664
440795
-229941
158776
-161440
-384360
-127326
-643609
501425
-620889
669575
-231960
580900
-580012
-523985
-24112
-268961
811063
886722
484585
-222342
685194
925247
141395
-571271
-522468
902668
600518
716389
-429729
-544482
-160398
-416759
-311909
-893375
-241273
-30394
-611515
594820
-68783
877972
-576534
-969403
-466694
588693
884934
-861355
676211
-908841
-389518
36295
-355090
-554585
-892871
-48678
-826493
14732
-260981
980864
-758158
-981913
-185334
-145270
-811384
-988379
-138814
14963
271002
-767586
81398
-901178
455214
-222195
951189
751916
86586
922284
-145844
251158
586628
367084
895925
-561405
441384
419534
-508884
799342
-211144
71649
306498
-587304
873725
-625320
-597685
370541
59996
-217145
955154
-868522
256468
622842
-386387
969498
-940252
563954
838507
214449
658186
721533
785001
-380633
350885
639345
576068
-637974
-110980
-33531
385384
-307792
369175
-373941
-994425
-941433
421195
-589746
-797658
650746
-501868
34884
-917423
-814499
876186
-846352
852463
-344010
533462
360087
895920
841416
253262
-980836
521122
-213699
-420484
-534854
-586525
-867985
771533
-606370
-101903
53075
-816955
123167
-138978
-240126
871359
-953765
-812769
-898587
782546
120047
526787
-819331
937680
755730
-623552
-572851
463336
750799
669096
-872220
-248213
-827363
18556
-164981
790059
766108
-190633
132871
451200
909038
-922933
-559989
235876
-564688
10441
19389
834878
-666860
-72135
368611
-316228
-44900
-306390
-572758
-226983
-210187
-772829
-439149
712702
177518
639128
345082
-887739
-563437
45176
-397372
414040
-182166
135779
793125
-200328
-684855
-367111
-381812
-992358
-562990
-308018
-961365
539947
424589
998266
716710
526068
-237792
128588
-760489
723225
263213
-895458
-105412
-596804
-933816
211139
892414
-702913
384788
-822883
-181601
350886
370553
95308
328895
638746
409475
-638207
-619382
983689
215386
-363408
-505663
510059
-728102
417380
979684
445984
-704433
-116372
-581255
454517
-670002
-547277
708092
880838
-382158
-283283
-709917
334397
603826
-813202
881997
-633416
289820
-822699
470726
400201
990512
-539035
-460871
73303
716315
116084
-942605
-940191
-702577
-32133
-918064
-993181
-959237
269262
303108
-86447
-725780
-592409
869128
506176
651136
106587
-566114
-931164
-894846
-304786
-368765
457524
-540889
657986
399409
328298
668516
445482
-434226
723238
993258
748572
330804
88946
886591
-382651
262942
525280
-936710
-782025
799339
-885488
678427
-783298
376722
592078
852997
722512
-155101
597848
-958439
281250
-93450
-137155
-313873
-335657
-400142
770528
-71245
-427821
-432004
49820
-911974
-876754
-600711
727170
-592256
718533
-612222
655933
84512
353258
399652
-885737
9839
-511941
-316080
583828
-533227
759440
-754715
298812
-308599
757134
981080
369014
-743481
-701736
-912514
-309104
188977
-167578
-216586
51547
285312
-981011
346934
630003
-465691
-139138
896048
-246755
-695104
218795
-917728
-827831
-444677
427747
770805
-580426
-611451
-807585
711385
-843851
-769433
515381
-859681
583045
73092
308106
-94519
-892067
-661775
-646299
310258
422025
613615
-877794
-129826
739884
963969
533749
-65188
491428
3758
246079
-253738
712458
-422187
-159046
676917
518616
668200
73602
-43405
130214
805063
943773
545598
367117
-426759
885936
-972730
820652
-664695
50005
-799196
-40247
719931
691332
440550
-752625
505577
924973
482747
-705419
337215
-150552
-241096
20288
952335
285380
718532
-853729
33106
-287684
387750
-239244
678716
-506424
410665
568882
453883
-634993
660714
640993
445195
-998855
463422
447422
-460104
-279453
399298
370432
726578
497964
-178176
926518
-603706
710508
-387782
576844
-943809
-691835
616279
275757
-281512
643409
225895
-24318
-507812
815803
814933
651544
-694564
-760855
244904
234335
894861
178967
42101
-224754
145468
180991
732517
-633500
255598
187892
902111
439946
-504040
837135
502738
-708331
-508425
900608
889376
826663
-195955
-390522
335146
487221
-17350
-645511
895220
-347677
-299533
435204
-20491
-402678
68897
967921
220926
435676
-932072
-820579
261828
-22881
194610
474762
537740
-616555
-792056
-835309
-979598
243197
-355892
-414534
94805
465841
-528314
-766691
-851358
877040
-832407
367752
706876
-763082
-4847
-576220
14021
-856248
928348
836300
-510324
-672436
380194
612608
933843
556308
-715630
-22798
594107
-828421
-342806
-68162
564494
898280
-893486
-859721
849449
719472
155094
802269
-82940
-84072
152831
-437526
-85664
271671
618124
164747
-765045
-88582
-219950
932652
834387
415362
-556243
-613652
172293
951592
81314
439600
-608224
843616
980371
311123
-967781
356283
905501
535035
246224
712966
126738
677511
-109308
-525680
855566
-647004
151059
-762999
72120
792959
98493
278918
-992489
-618091
5383
116002
643854
581158
-350897
395838
338678
-661945
683376
-465560
178774
-512873
652557
6745
110145
440457
471422
640280
-957875
-250271
-626859
-332611
-550229
700730
725260
-423216
-929816
-730429
-873524
483280
-716865
924938
-822436
-328369
-178024
-366480
281636
922810
111649
-283843
330845
-280393
-997496
218316
674520
-821081
-821934
434279
397799
-73525
437851
-833107
-709652
-376317
981354
996016
-521348
-594640
-295184
577307
-552145
-999621
291038
708752
588166
700975
49440
-987120
34426
-722814
-129479
286740
490269
139889
-254596
879160
-381073
-147959
748516
908951
280768
-880319
-9327
-956878
-466884
-577084
901855
-864631
540056
85070
-731995
44876
938072
726188
-232313
34603
-884166
-845211
680057
-151222
528834
479095
337872
632656
-372125
663482
751110
240671
900935
-740638
656906
-969826
528444
927264
959298
-625871
847675
239079
-679010
-973494
-317035
710476
718682
-817383
83772
184326
-365104
-259617
-195541
-902891
-772489
-331808
391795
-633216
-19076
287991
-603549
-270410
535547
-39869
-434860
971158
-571046
-86785
-941554
14090
354498
64624
983386
-863666
-18501
-31369
61606
-471473
-780701
-869050
-299826
-112722
516043
-589905
-188019
759779
-510865
-982376
379775
179327
-870193
401931
441042
180617
-634194
-256150
326025
67722
-69146
-19136
146796
-55003
612070
515122
453904
4830
600010
-801132
-383618
-865413
287125
38296
-462717
-792441
311950
864801
-696044
-995469
-858444
-320971
470747
699224
-765346
701329
-418590
-193448
808308
-813609
-697253
-306782
15428
-75293
961673
889363
-842366
902459
-993585
763770
315743
993828
-174893
-297484
-370876
-784687
-744881
467958
-970837
-970313
837492
-974359
-678886
-229508
920699
951408
-735042
584973
309321
663493
798752
-684465
928445
-882239
873350
298989
-476134
-497414
506984
634192
-812020
573574
-331251
2733
-458151
441566
526146
636856
-359387
574431
-135881
304630
591841
911082
-578570
957104
-64686
-570582
796801
549251
727993
137077
-736890
-735340
-798939
729420
-652351
848610
417489
922493
-388881
235060
103610
864360
587882
-93263
377794
636382
769894
638478
258938
-197340
925254
-911135
-812528
607768
261276
-420715
855252
-122005
-790340
-770825
-611864
-703604
31483
265324
43268
-302042
-563063
-563003
829284
171583
834920
538155
336847
955265
326536
-10315
-510141
332054
959873
-908520
510018
-905428
694636
711038
286387
65432
-46754
342255
858487
-397161
-494334
189036
435337
-490833
466514
120091
-577839
372275
278258
126364
-563707
-972954
-335831
-561031
611132
-58953
-461059
969660
944017
667691
-424855
-260197
-109456
639321
-257987
-519345
-251776
300942
273555
439299
-176595
-630511
369257
8295
203089
-168960
482784
-422685
774270
316889
802320
-560407
73066
747541
-470139
274275
384760
-961298
-212133
741964
-415521
-144958
-77583
982747
-789767
-650225
47565
759385
-334294
804766
954636
752532
-585365
-268739
-248828
-595476
149874
-441948
-13576
218890
-522240
761978
-549897
290865
-720058
-568721
-639151
796588
448245
-118775
-872521
-35353
-136863
289277
120558
786842
111697
-892877
642480
-558816
439525
704365
354975
454758
-310620
626176
176486
-733954
209186
716736
-32657
-331821
760778
-340230
-601670
-549257
-467250
-834534
770144
289816
808104
-794003
-816987
908306
207563
-695167
183475
-858338
-520853
31785
858233
132135
-332826
-697571
-209888
688829
697549
755774
-743131
754339
934547
684662
-570089
310915
-310319
-525378
9839
876225
-482892
192569
-481401
829548
573060
-509698
240185
-302511
-101679
-936589
-311531
579370
-816580
-575660
926398
-260876
-477857
953811
-791839
746206
118746
167514
632531
250717
188283
-349460
-89145
499804
-119159
-740695
760104
-522863
-46675
482416
-551271
-799125
-742530
-985825
-619513
-569177
-515160
537973
-875289
754562
-382280
700057
572689
725513
-340346
670132
271801
610444
540223
880696
830982
889137
559885
-311612
933712
43172
-929690
432288
-742149
165740
465902
902883
892139
248281
-109046
-260428
-341086
627354
-936574
-272979
859901
55147
-848558
-392101
-456696
-387861
-34419
259298
588537
-254837
59119
-512962
555472
416930
164605
416548
468744
-273634
-272805
775814
388986
-395690
650794
-916170
-67377
-338950
192411
231330
-319584
871724
290069
-551491
-343764
371624
-43521
377727
-841803
923293
-266198
-552574
-652553
116128
205534
-656179
792134
223414
-984960
-507218
-572477
862479
524893
-250560
521914
-123822
958357
494093
142876
-456429
517542
-507444
931348
-920094
124564
782283
-162745
-266115
588082
570216
-719699
247205
432016
-202695
-281337
-607602
91778
290764
379516
565615
-521400
-240376
-451500
-483910
-496801
344498
319823
149094
-480669
793484
274979
453863
-194657
-354409
862481
832959
-76109
608506
-897885
-213714
487265
51195
697220
-872955
-783884
-70615
-438788
-905831
-568499
-556900
462214
510930
-593909
389333
-617329
952547
924758
450239
-934707
647572
73928
234327
228282
677946
-603783
-988953
-789332
-250423
136102
-107283
859923
32128
335870
472475
-950322
811714
549384
-977032
442666
-825595
-280397
475684
276088
207715
-72068
-549832
-329783
-657970
-628554
-853557
-793656
-415135
-541575
-80238
716341
37841
-183639
810399
653818
57474
859810
517834
375019
334646
-830339
491565
172447
157280
-331646
848840
450789
710679
-168918
-467642
-567963
-323418
241615
-880553
817237
911168
-399502
-975940
800340
985680
645801
693345
-919577
935407
-631645
5028
253581
-410897
716761
-751692
203392
899988
-976045
530580
400267
388195
22676
-695873
-683006
514450
-153948
593638
47715
-455906
-286024
-198443
-752888
160124
542463
981363
695685
886759
958347
-827160
-812380
897112
-762918
275161
67834
623380
-737023
-78898
-880091
902239
206452
561461
802597
-892722
176116
93056
-668203
-731206
-320747
-595735
730629
-284592
974699
827349
-213452
-152634
-359343
917334
774895
-990040
-812843
95179
-262848
354640
467267
-733918
99925
-979084
-607155
-845634
-630609
-507686
-930092
208372
448771
-383578
-867499
-24658
572081
-867373
-580621
538930
-427298
120128
710172
640253
-361168
490850
816091
-903223
-809819
231448
399930
-194386
4113
377372
874578
941541
-935118
-278379
-652815
864679
-336783
-936631
608230
-770765
569272
969711
606443
95087
953066
422434
-879952
-586586
865411
-217358
-420608
-50704
646478
-166891
-324206
765487
274877
105147
237423
443573
893288
-163073
279290
589955
-703835
-366087
583457
171181
310464
-1808
-127457
765401
-317993
886317
-280981
-220826
977621
-821270
169792
335785
957193
-550678
215754
-983982
755554
208290
-489878
-497427
-487223
-399467
381862
370821
-373349
778301
320688
35939
116545
-277211
733585
-277260
349294
895124
-240270
-382392
-254475
297699
187271
677814
-42555
842736
-337255
-817122
733314
736427
416302
-157113
285760
-192307
918998
-758938
-431138
-39895
481301
-318144
-840835
321179
12264
-429978
251420
169373
103798
961055
943698
537592
137300
-840731
-337241
-663658
389621
-887035
931598
817782
864684
51433
205315
-975814
-34080
881139
-146883
-538277
227147
123775
-556656
-261508
-303122
-363509
-837149
-134053
-187755
854771
-777399
598500
-417790
-389420
780477
-272288
308025
-142189
-188289
507851
-591256
834294
344325
-342718
-352912
985455
886432
616859
-514540
901753
647469
-228721
-406339
-5221
-345612
477586
836839
527498
837280
182724
-950612
-221972
-150053
410495
88427
-797514
-915579
-685552
-156395
367926
-458862
-826237
-369773
-337107
165502
104728
-532521
-256364
-370579
99922
-888962
607871
813538
722861
-540385
242463
93212
-469393
-984653
-980510
-711672
321431
-652255
282549
-848281
762738
594404
505321
379006
-750643
-209189
298291
-888588
-716859
-41043
797262
704971
825658
-2346
-389701
-716930
-618526
550099
57512
-264141
816633
-87962
696431
-673892
38550
-585594
-77131
-913808
-947942
308583
397491
934530
459201
589217
662673
152699
-810278
-335105
-966162
534968
-552429
-81689
72445
-326718
-139154
-414367
-237239
294758
996176
-965947
344088
296433
416568
712966
-542226
183306
637325
537877
857257
-412116
446095
-677901
475209
-316098
-764944
16982
-533550
-114736
-387076
880887
-350262
541812
199539
301686
-504098
-187593
902263
-569109
133153
-286533
-906592
647690
54516
330610
744365
630386
815872
-819719
-846250
-784238
-904736
-175474
-913731
538168
80860
726192
818434
-210504
304464
-569390
-874635
-609611
-988244
-267973
175975
59663
-812524
-521475
257561
-726807
892072
622479
171606
522453
887006
695946
-257379
336159
935050
742269
-353290
-62925
-514945
185837
384741
483243
54608
-825236
805500
804729
112816
-789420
-299125
-661970
902903
500512
-645645
386661
-534715
-721560
-911719
984014
-89663
-190984
464118
471898
693627
-231797
287434
-747008
340336
-607959
986224
-67029
233131
636698
13261
-581952
259336
-401530
-523806
892879
715156
994219
-984447
-11179
303760
697785
-655203
977835
-17131
886989
918330
-132208
842577
-391160
685699
-639794
198895
33996
499194
-162421
-474091
-938990
-451254
-764370
-234105
-203669
-976456
-273045
951912
-492911
-642120
-117267
454177
-355415
908316
897183
764506
317720
-298009
518167
495910
-729089
801728
898464
-360133
-208428
783362
-890909
430558
979742
853744
-56399
-120995
-538291
744710
-94352
353334
-999501
530538
113567
-94634
-891869
-270334
-953465
373499
-287323
-676577
-293376
865210
-849709
260438
825437
-352483
61011
858735
18677
-766748
-764560
-403081
-242097
538988
724439
-222736
-477207
-724435
616300
15145
620709
-24994
193607
20520
311633
56499
-152113
-190781
665169
110022
933488
829646
962155
349588
-87812
456814
-258257
-682338
396188
-528756
-11263
646319
-873615
654694
-288828
779710
-633013
688703
889509
540393
315652
529719
112641
-280799
-98054
-712523
118516
518885
642088
494720
-995457
-630617
-528927
-280467
-446635
765259
277032
290099
580802
-361651
464814
264794
-767175
795009
848488
166354
137464
-180874
175437
944160
486874
382836
-134743
-351821
933049
587941
-61279
-5675
427645
-395056
-11068
-759747
-587706
-953536
261961
-831039
-698958
293827
448875
203432
3659
-492466
-645538
815262
-248688
651070
-921364
765376
941214
236089
745521
-222121
20219
360499
245359
854306
-63488
-99443
-711665
-104884
-449184
115287
738997
-579075
760281
-521930
-637698
460429
43637
185569
-881063
21970
835709
-362043
-270209
-857830
612091
609097
-107376
-551372
-597781
-620628
-188212
-436567
124798
-648823
-89238
67721
255882
-125828
-892008
-350625
637585
702559
-736112
962246
72811
406062
622291
717589
-1901
736777
900230
492341
795788
-633641
-148507
-589676
-590098
798982
657256
298290
-579183
-611727
-102799
202329
564308
-77989
-282578
330089
-135669
966296
6673
-800687
770051
18891
-201879
877466
500658
7242
-799203
252573
940672
-546530
727173
714581
-800724
768678
-223771
-65585
271965
20186
482951
819134
-52922
118189
968180
701995
-199820
-244084
-60337
-98103
211255
-605692
-656691
-613658
-263510
421504
81620
36478
-584607
19247
-10961
-993686
-174417
-274940
-717844
757430
-426735
150103
577491
261136
-102981
-829527
-635773
992731
-49732
-901499
706090
913891
575312
-508415
-298400
413484
993986
-648348
933153
97763
-552324
10977
306277
-608266
-536019
-321534
423518
405439
-259947
717088
-292786
-801189
-205200
-191602
518530
364953
-761220
-317994
913390
-758642
-394967
-957413
-412058
-957242
-484259
137118
244471
-416747
290785
-82724
707936
103691
450283
-935853
-251344
501125
-903480
-442267
-504579
508384
-448090
-160682
-10178
686153
75771
655728
958790
78000
59286
131782
-152483
-185509
599616
-126187
-900099
-233065
-802290
897222
-424538
-715511
-974138
210831
-313890
-59486
828268
-36806
772169
-622927
-331288
-234882
378208
437266
187861
-279671
-849839
101764
-561816
211871
-336652
-202855
-356997
-271396
486885
634054
-502731
-343531
890818
515354
36440
508637
370690
-918772
344743
-824285
60400
-999060
456050
35705
-902845
-334724
533824
-343057
-231972
-868328
-526441
920990
-61028
-735600
-414870
-740287
-219553
523286
-586464
-476547
523032
-790573
801469
-728383
345993
-480876
450991
472776
-740320
-501727
543671
124219
-953623
703278
156018
727412
-304844
764139
-970493
166622
-968380
-30026
-461089
-263816
-15951
-993040
876597
-964360
-294309
916205
358264
-19956
-718069
-152315
172426
252603
846247
-431161
-312697
-7190
396690
-10802
-312662
-24069
233886
252843
-112288
333072
-336337
626689
715751
942062
394093
-934608
-51293
-9860
-552667
-13399
472061
631274
-287555
394209
-873352
268782
871250
548065
-848814
561705
250992
-780551
-697133
-871896
-37395
-74091
-350155
-356217
830306
97063
-805841
478257
208711
535876
-204896
-162750
-98518
76747
-732331
116237
-418420
870976
192375
217529
-14760
216631
936468
-530042
-308095
675307
231240
-989906
582966
-939410
-363385
104038
371909
-33925
876682
-304893
472073
-543641
-352812
-291654
-973807
693174
365792
892288
128847
563146
-165527
-867696
-267782
675126
-353451
-872821
-776831
545713
448063
853177
-649941
186406
-758496
-126355
-317744
336360
613401
519047
-589779
-721405
-913697
709395
-333592
516014
-253885
-655217
307361
100700
889821
85835
-460751
-48527
-898988
-34200
-630398
990866
881613
-756606
-124789
-508651
86766
-188694
-517530
-232936
-759666
544524
636815
-82003
631803
641648
691387
-336717
45543
-768804
-2477
628416
-897169
834070
-791541
289338
461257
-940346
-91612
-952187
115210
190842
50106
366806
428178
-753212
-185270
-250330
529557
-358274
-534076
-896701
688198
84270
-425271
920321
-533599
990212
-569342
241165
550528
28444
339809
629325
527536
846435
-979757
-292262
-286313
-181638
-969143
-529025
435242
-755915
-837369
869080
-347917
-837741
-906327
-327385
-436135
556379
317484
549628
-154633
-963247
572966
475393
133544
-11627
-189930
-93216
-856156
-777959
-637994
658769
-176957
340541
603437
655683
-324895
-103031
636417
597926
-571685
354310
-544087
-778029
703285
645561
6753
83225
-383267
-636867
703063
-260763
674186
-289412
-911774
-530163
323263
-557686
287186
249401
-188308
786590
-278558
356462
-746189
863661
255178
130616
-329400
-455643
823921
-645260
653297
-111293
390464
-573257
25773
-55535
651922
-871201
-207247
269056
-859961
-502988
-13811
843549
496248
-595399
634414
-814733
915012
342293
-555780
-557570
-434231
-288487
-962717
223175
170543
572142
223600
823457
19550
445916
993361
-143746
-259248
614201
235007
-361618
-950656
426732
-530185
218550
-256254
-408675
-512093
-597495
-170324
-785413
68696
231141
-445710
668457
646905
564109
533328
-730682
473016
418846
20320
-452457
-130820
484945
-642293
-628909
211167
931660
-696612
963211
-279602
753061
-443152
618549
-338604
967924
-805622
-548780
320240
-989677
-109885
407237
-219614
-486411
158558
-333401
-71291
374432
878265
961128
382358
-204344
777568
-32535
-338798
639625
179004
-31155
-741506
-254911
-593431
-660893
353088
-737143
944293
366765
-435093
-943666
332516
675469
266776
-435825
749568
-134261
-480401
-237643
-147955
-990267
652357
415882
478667
-874636
717279
173655
-195020
-803562
-933675
-630881
-218698
460350
452114
489713
540923
-897676
-983944
-775058
-65565
-807606
829984
984408
-48237
-692612
448831
-336942
899111
-107837
878116
-980678
770947
-9674
-289443
106655
-785209
175069
439930
958305
886368
-748972
797417
-270748
74427
381849
-422144
588912
-218731
600178
-589030
-614615
337647
-432130
772184
884517
210205
-251946
601865
168111
-351108
-55073
-796508
-333160
-106429
426799
-264590
541364
-704269
-59239
-10423
-608648
551656
-107177
517490
560942
-544750
722643
-851668
681298
-957635
-687470
720074
482573
-26741
268861
208503
-986805
-466684
239053
-808550
-329733
-890044
-834733
766676
-322462
215635
-290718
-639194
892701
-141935
-340582
-561488
233137
247888
874449
-131436
726480
-929924
500959
-149511
-171093
60149
-221306
93868
-624658
-684419
145020
-794400
-748451
357709
-532713
306838
508937
525506
16276
-303976
-238034
-85579
-149628
240031
639532
29288
-295724
333460
421920
-163557
-919561
-981773
-264929
879167
741554
-983988
846991
625218
-821756
-6172
-517087
-8055
953391
613368
-186642
948092
419175
295969
698029
-979526
841750
-933293
221327
-690963
609738
632703
781495
-253127
797244
-839463
393561
485326
-793346
465716
48494
428702
-337728
118024
-626671
-196568
-470466
-704490
-917767
-92687
-742070
-685022
-842604
120468
709745
-370977
-47940
380401
-142259
854633
345240
-706815
-278169
524908
880018
-892470
-390714
-922526
-203536
-145043
-83688
365689
-995054
72029
-155908
650386
739015
16298
-261654
-753306
753611
-360837
809920
-155965
845793
-26853
-871574
117876
70537
-784086
194732
882239
998239
-821516
-867953
926216
-783344
-76962
-672922
-345069
-649479
613628
-400005
13415
423005
-585280
-357157
771661
-133821
951886
715195
800376
-669078
-861206
510854
816318
835562
-926957
-176764
-701307
455145
509353
372520
-142279
-510346
-120503
-565898
961529
-902011
-193735
25871
-984111
-964088
344575
-518566
-890718
-307034
143500
-448303
848030
-385638
-828010
-820763
221040
934699
670211
921615
48760
683459
551681
-396427
-345932
501551
161458
727605
-273734
991986
574725
-331312
-343839
-558650
-52576
590390
886016
-475984
-249991
-58262
923086
613695
-953724
354385
408041
539360
66182
276125
451314
-908447
891913
-743984
107477
-44928
-696344
815983
-485338
542255
18314
-595898
180135
-469913
774699
-94894
737766
408998
2262
376526
42115
3591
763119
-392355
-696944
-283140
-2196
614736
767377
-833878
-432476
751637
-986462
772960
-627520
-46659
26680
-93003
996686
-530648
-617857
245822
-363276
-284592
997091
35177
-846527
-815826
7595
290426
-878561
-480820
736959
-496225
891621
-341784
231818
336689
71049
-944958
-156550
-776822
84339
-93437
508196
167549
118252
251594
-92411
627958
-848587
-165037
-715548
-432849
-175820
553030
923219
-415860
-983863
760474
499667
145685
-489921
399140
489495
-93299
-465313
514529
-800205
163230
-245606
443785
-223340
-191882
721818
-934500
889099
632914
888810
-180959
-612393
-869086
-154971
-382217
-394921
-311665
166173
645722
991076
-52024
-326839
-113845
-257029
-309303
851440
-321050
-501280
360984
628410
-337578
263919
752205
-288478
-576034
753842
-849650
622767
-794529
440117
706962
414576
-712340
-832743
-517552
-397347
978313
42824
-364343
-984227
362117
-933054
67055
-521375
828913
-939114
797233
-977107
-511172
-997139
-69596
-779209
-466836
-827583
373583
240936
288891
-405333
-355309
442367
30284
-927399
900277
883925
277320
748701
936330
-904133
755866
904355
38718
-56897
-226429
457787
5824
122126
655834
-512044
605901
-72013
-424796
883338
-374504
-747779
-391477
-175530
-392941
-297089
658175
712676
851293
520881
-391514
171522
-768440
-280908
85505
-923340
-316667
-434381
-708644
-333724
791791
736869
946033
-241482
355568
-575954
780891
-684294
761108
754021
-292174
803899
-899672
-793679
728519
-284556
-377586
140428
-64131
-341534
507809
885994
644546
-45835
343871
814834
-417239
432352
498295
-995733
62758
-440368
913104
-110670
688997
928569
-257740
-189593
252999
924491
-161160
-696536
775290
83332
-39159
526453
-585677
351071
242740
355763
173707
-787670
507153
72012
-777357
-789899
-927091
703859
961877
-452186
-256493
-642939
-904119
659882
-798377
-210549
243313
554822
95935
890588
-645518
-864885
-156434
874848
-780785
627176
-569875
635503
-228765
245593
-698120
-97705
-80709
-80323
-770077
515836
358798
-588986
305703
289946
929946
853898
136333
-46041
-802916
-302538
-984330
624596
-187606
535521
203332
643121
898609
-298370
-263191
-10768
-387577
-490772
-767862
-333887
-157140
-19800
759887
684381
640290
777122
-21814
295071
-393370
669101
-159999
-800564
202762
379791
-655462
-993549
867824
-553288
-613854
499568
605733
-345072
945401
978058
-711849
-632983
-260770
-452548
-753164
944660
788499
708625
-285727
874255
736557
161832
-919084
712924
612218
623063
-770353
-256275
-595570
114284
912570
366010
994540
-892529
-938853
984053
664014
743747
-445196
52181
-554862
-719989
-472263
707215
729793
512809
669164
-407196
986556
802177
648151
-348589
819333
-870243
-452763
348910
517543
718794
-89186
609226
32195
-341921
-583746
-438384
991033
-818147
-412688
295600
-268689
599090
57644
-902730
449345
-123176
193450
858164
-614267
762907
873473
349663
5817
-491081
290017
718518
-128948
-249825
-326167
-345123
-970363
499098
512294
874760
111892
812680
49577
-601582
831284
-11069
779588
15662
1145
900001
748641
742964
-862917
-445675
-676482
129309
288799
-304139
310729
175754
552127
-801322
-315565
955774
981237
930067
-848012
-828115
803401
580333
-111172
-71188
-593676
-497716
732817
620487
-801903
-309852
-92694
-550735
530271
-735117
-474073
-879658
-387019
-683162
717194
951053
484867
-59749
-346666
609897
699264
334978
-803198
-396689
-50059
598364
-126182
160737
640294
618725
-732365
804921
-767912
-4465
-92023
-78543
-34300
-129309
-634569
-470657
116886
795916
-526831
-258913
827234
906351
-328927
-709560
493476
754034
-590659
-648960
138290
602334
-852030
-308277
-52160
-154273
-831249
-451713
227536
443816
100192
804787
-105420
605875
39972
4438
-352191
-439258
513278
-196773
765714
610642
489909
943378
-721418
403924
156312
-180974
476407
592606
644498
846163
-998392
-579568
-965659
569048
290634
348800
259718
53641
-632325
112345
-806891
-92002
-487301
-306401
-648712
-866632
95100
-223856
-128493
804746
-312634
-889306
430758
-735308
-986843
655162
916930
-80
215920
-183230
-347927
658789
-807114
-151365
-88255
422617
-290170
-211934
-57483
144900
603867
-342885
-434391
-126273
-868318
933429
506135
688731
-783382
705861
968267
841167
-171481
-532114
855031
-614775
471715
777923
-540044
123237
-846078
184323
-720426
-319941
-355472
-573565
-184278
-618989
770537
419369
-966066
790259
335524
789012
-381203
-870951
-68707
432857
-210282
-948795
950590
-326423
929145
231150
-227159
-217970
-34883
187540
-334556
-473196
581120
64501
44578
801668
-960276
-330535
211818
-693877
410995
290760
-501786
-746502
-604121
425180
296971
-738713
-739529
865585
81887
-367632
459018
202232
808236
327840
-120207
-493397
-343617
103273
-622707
484955
585693
190801
-381123
638629
413123
989866
590913
-780093
-54439
386809
-420752
-188482
-625550
-610567
-206318
-638911
108226
-682184
80091
988169
-565795
-139810
-698747
-510983
470760
-811891
-456696
483787
133598
577124
728441
996960
73089
315038
891132
-519369
-437285
127064
838375
921596
-580369
257008
-116747
865848
-294783
-724215
395812
-302425
123391
-359894
-938964
624679
438795
995974
-250596
622796
155558
-646058
519442
-636272
-838406
839523
-721258
-202840
371524
504736
-172396
-281870
-743332
-241805
921204
-984310
-366750
40468
322136
-657925
-158201
871182
-473999
-225774
834805
-556317
-42498
-414001
-970020
560077
656355
939637
-415334
-429922
438498
701889
-99578
-818232
-9480
655415
-891174
635001
-296874
654231
595898
877279
434554
763119
-711707
-334967
995690
668106
-356617
569326
540429
-710522
189272
138630
979750
903491
961477
-120938
-177683
796407
-55559
454665
-301108
-207329
562423
449146
413747
-761968
445943
946639
648344
595052
-395542
-202881
374158
-729553
641324
2035
-809343
-328983
-978746
-395254
571788
697478
812892
-991305
-110729
-716087
-664519
873029
533712
778327
-323595
-883909
595748
570352
599617
-937765
433243
-699720
-216369
227652
294061
-697933
297696
289719
479557
30928
-73109
-702090
-271120
242204
-922521
-325816
751234
886423
-335690
585370
-212155
-841820
550702
304704
855327
-958311
-740668
-616104
-417729
892151
-381865
-515505
-275581
-295757
23191
-668291
-986902
-894541
654736
379500
201521
-44716
610263
-745674
221068
288296
555020
-88318
-348739
-207208
426067
702053
-966888
345750
-898712
-582419
919105
-308327
-539003
340337
-793096
-983762
-318277
-700351
-636411
-680703
-864865
24738
27821
-959123
-338047
-964505
117697
891298
171607
262312
-479664
823538
939321
-747358
-68484
779448
-380026
574251
-883094
-124059
687140
87888
208979
546984
673636
-532467
-681544
-748743
27779
-465753
111794
132163
608844
-485078
732391
952556
569436
-422661
-106599
939650
707966
-663015
-373160
-919101
297652
871924
908888
-134967
345175
950889
-752419
-245360
-61739
39002
727506
246054
-808294
136935
403833
-490002
234890
930251
980925
477456
616234
971861
-132828
793984
998878
-571264
942304
-135254
-69043
730802
572548
-428361
-106911
-544882
-293548
859007
-108182
593654
349877
-257525
-852382
-331232
512195
-163387
-251317
-273837
-422910
942655
246581
778047
-694228
155420
858715
-266377
651816
943647
-80659
-240500
67868
-935730
-146071
-749625
895513
-848062
-142302
152066
529397
-461042
-583581
173475
391350
-49846
481453
498614
869674
-944837
397339
902822
-161260
685728
-393881
-862440
-630655
-756837
612613
202085
-845256
819770
792429
-313166
-208817
660258
650230
-729939
711642
161367
451934
709221
21823
576554
-321434
567238
-518619
-56128
-488166
-174672
-572149
347322
-669522
810036
-978187
-871674
-179708
135531
324672
-695486
-935349
236146
969623
333768
-478399
24069
447486
-202662
548632
266167
-445940
-681365
-678921
-727349
-582090
757640
-171113
-795341
691397
-890398
-112626
-1246
-353175
719352
-942423
610256
-909208
-614299
231409
-450358
559855
-940733
-44848
-305038
-672631
-271813
345166
-382566
448813
-356949
857460
-485063
534385
146418
32721
-585784
458205
761563
-624358
337980
599771
854563
-599700
-645344
-182198
515496
326318
96462
437169
918065
302866
-95030
-464368
-197292
-180166
-806854
-523310
384392
447479
-882298
-447264
766664
-460884
925064
-210225
-103969
-35887
377456
-416071
-183594
-862828
590775
-696791
2168
675353
675390
-511952
993791
301922
-240253
-439404
69213
445642
-338946
-580952
-329944
22956
-26722
49207
-50654
-708191
954331
-670054
-459804
109541
-64136
-715415
844583
568667
-486057
929102
-635601
340263
-668552
276725
-426795
-97799
-948976
922912
-590545
-475926
956994
779350
619614
291070
943996
-777669
683891
-578230
121201
-790533
497534
-426705
-484434
572512
-951243
891844
549979
-651260
-169666
-942254
-577007
-925664
635930
-328328
776786
412674
244141
640623
104745
961181
-201362
88936
-661281
228282
-806105
537234
918231
-811187
646505
756919
669703
-275870
-988016
-204538
-723693
933686
55790
-208917
-470136
-396573
225943
330778
-652751
82099
-446135
606379
985625
-477163
224373
-461600
69663
-608852
884206
-358526
-8529
467845
813613
-921880
-231262
-119711
-184769
255897
692148
-85839
-197684
212105
484766
-877152
-104124
776064
-885680
-827446
-751961
-195688
-793779
-157302
-126479
107237
131618
659824
326945
801839
877060
687314
649189
658266
-545147
347897
271716
837223
126707
282493
488103
962451
-617395
-88277
340005
647453
345955
619426
-61207
398629
-519415
-849283
90210
169264
918391
636330
-92345
-980408
-464704
228569
360101
-970048
-518419
-52335
352390
377110
805942
-517412
-413121
465649
-763556
-355293
-241961
697289
-168410
-585452
-518385
263461
-301450
-894529
530195
667136
112006
-995904
941371
399941
361285
38551
3454
-999174
-992056
-631916
-254988
-296839
328687
-520979
-977659
-433832
585621
-19982
-589644
-935190
-336141
-498985
791810
-771617
566290
97840
207360
-212858
286698
-648196
-78220
-820557
74780
129752
-721497
-341444
-478007
41813
-264630
628509
-398067
-105629
552450
-866245
895516
-351636
164503
-380218
-560521
782973
832820
-226377
484554
-705121
-336932
719737
-828059
236228
-932246
70564
-474795
790109
-289214
388068
102174
-652152
-373478
98680
-452712
69479
686431
814550
476644
807948
183877
-961811
-76919
-3312
-471442
813954
986158
-670141
758198
-423492
-273930
-847363
775577
873403
644980
303379
792770
-307358
696137
218470
916144
-973259
555105
650389
-440185
-984866
689862
-441262
-923791
-856758
268959
-317358
987823
120176
336330
422622
56256
-209614
982033
-304121
259244
-154916
-775669
842102
873197
571977
-558190
265313
60027
-204508
835036
-617830
753267
-945332
-678984
752066
654563
212945
-715033
632218
-22732
547995
62997
168058
422580
-822485
724722
243034
-45248
-956423
-384782
-847475
754827
-448389
-749411
-54514
-425331
90439
-904173
-403341
941834
93391
499488
465918
-725571
958412
-607112
-520621
133665
-499274
-376817
-825021
-752547
-382353
-102889
438726
350410
317823
-940265
-611192
-114910
-174214
677669
-341734
-569402
-202114
3520
472137
-472149
-387751
-790068
-303732
-37789
-465465
129194
846870
773188
891608
-449933
478220
-923081
-211344
853586
581969
-883938
535785
-162565
77052
-220061
-367405
-59828
-136853
759834
-879525
-133378
-683407
-682158
499529
-95481
-85461
56061
765731
853776
-908816
381817
135407
-613490
726374
792762
-729578
268288
177969
-741610
180068
848451
427207
583981
518828
6933
-417185
158323
947465
656164
302344
270300
680767
866002
248918
615715
385727
-725496
744119
-27082
-822711
950964
785251
-874431
-15700
572128
669682
-938027
821289
469872
-860537
549045
-619786
-130568
188970
-136771
-596514
-622792
-716236
-273936
-772987
-768075
-553757
343068
687988
369422
802476
638021
-218794
-878606
856586
-733073
-929013
585386
-676306
-131615
439476
795453
-415800
-242635
-816999
110417
-537082
967817
940548
-423426
-304126
-750686
-680392
807358
-611124
-689492
705425
-903296
555023
668191
-754503
-294437
-591646
-671810
-666620
307552
525229
-710471
-919703
670600
593590
233459
796830
69452
-444217
152542
171983
-953516
-313218
532865
473594
-283065
581553
25243
49898
-562751
-347781
367586
-482355
-465181
-234904
785636
635764
-26621
479289
-890353
-868952
-324092
-577196
36684
877987
-246847
-613941
87365
730162
666275
921095
542279
698597
-709294
465936
-355517
953199
622600
564220
-41617
283169
194433
40179
-635254
73342
-541169
286299
637372
654842
-719798
-101468
-939237
228052
875748
-277583
-797494
-172915
867994
-862239
236092
260867
-81082
371514
427670
352559
653201
-771790
717747
70519
937799
862105
286913
-734031
90563
-357594
-977144
-523210
-782711
-692836
-607925
154014
-368782
268312
748999
316061
243202
372730
-393768
-631431
721621
422638
-889285
205991
-532808
-149738
-862866
-307070
-801707
129493
-773068
302119
867846
-524869
806069
535023
236746
80008
-698175
-208118
-208171
337119
-362187
-987340
-51007
133001
-775050
-109929
684643
-170782
882587
880061
-748999
-123164
861607
309808
-784001
-368051
722163
-852047
579040
-449936
686890
-95215
550090
250006
-247186
53166
124506
-400498
605209
91661
-88330
-615080
-986594
-563311
929530
893162
-540787
-782890
-578422
212125
61621
-962643
-159993
737079
945379
-356684
303133
293525
-469175
954768
850296
669045
-822917
-997302
59158
-658978
32658
588227
664120
167468
250355
-869675
466802
-838980
-226006
906120
-523294
-69712
-741777
751854
-275587
247391
263499
100508
-64763
-945572
-922796
758725
-737513
743585
-119276
-126092
-654496
-297767
-980728
-72987
337392
226631
236100
469121
42278
144214
789300
-973323
601931
463933
359677
-519058
456891
971470
-311679
93811
893246
987100
668290
88286
-902666
619591
192222
-790024
-999440
-660698
-106632
-801616
777308
-265585
514231
262264
-305830
-525435
-519128
-964163
-310038
409087
-921153
-233727
978310
-794991
-389061
756118
933836
-367942
44199
718456
-608942
378313
18940
458952
-97378
400108
-260380
181089
328110
-618154
977049
766489
172977
-883060
315756
-371178
844889
160845
141922
-500662
167752
-902500
168697
-252276
-571097
100843
790920
593108
-661802
-187290
-837948
602771
-939587
-290472
-920865
-902355
149441
-147394
985802
94996
559827
-300569
-12517
785538
-966366
492484
-652662
74066
-997520
-929966
858134
-471940
128642
-661344
971461
565932
36145
-643073
-647416
598653
535582
627270
309820
-473385
41603
-257985
558925
875489
-405340
230578
584821
232101
-298140
125195
-642909
-20544
-573581
-131286
-513034
781378
-589531
-516024
-638616
-304728
681950
-911359
750728
-742285
733866
149762
512735
798308
927337
-716849
36596
-567977
-62169
-699471
380780
548025
380426
538299
-743991
-539864
-743580
709880
-352685
-387290
784105
900915
-336236
453240
961274
-248221
-417668
685729
900128
-617552
-608987
464246
-570092
132902
956465
-360994
868090
-89227
17360
876584
387502
65250
544222
-454519
958391
905422
-754775
-189776
548825
149473
-126640
-547448
-329657
-841901
-826298
-118646
419572
931927
-192522
-218565
79498
746788
-95999
-525879
-125068
643361
-422621
88254
534294
927276
-110413
-873505
-887524
274055
-152759
782244
-681360
215263
-721158
-253997
318789
463995
-584514
-974149
572497
565373
-429325
256266
18327
346456
785914
819275
-659870
97231
912895
601472
-653746
899237
86615
-355880
920191
349287
-529278
147470
275317
175058
-375473
907230
167032
317282
-84193
-557533
154285
-977928
-428095
-218478
-143669
862503
-223363
180365
176231
527387
567212
133413
-602133
-851034
-372220
-391761
914341
93928
-178830
-525439
408699
25499
-352608
431562
-654787
-643207
-657514
-204533
-141805
-474038
777980
914486
-744939
-797811
-785410
482145
-284422
787778
989128
-161369
-215961
656978
321713
682140
-971671
410012
478964
-152982
40702
285341
421016
820364
665934
-567237
-452622
205479
789239
345006
-272575
258560
375045
-910580
760311
351262
587777
850671
733847
279165
185248
212677
-865095
454508
-67555
-534349
761131
-422268
-551647
688038
692274
448069
791133
730745
-908946
-374450
-340294
908348
834267
860345
206888
528039
848627
-101743
-550509
624283
701041
398576
821748
-943791
340529
-277062
764292
-449119
22836
-580112
692491
-23439
639679
-650191
291286
-402120
940578
-740397
-135994
-401618
379030
-535910
321797
-652398
932032
-622573
-128300
930583
54738
-435568
-204928
258668
253777
-967487
172659
139367
-630415
-929174
487527
52685
879388
644806
951989
871360
822801
-421000
-631092
-737466
-350167
-618710
-217027
26610
407478
628677
-953230
370481
-307580
328139
68991
799667
28545
734164
-421103
3059
513913
-266205
26882
-688539
-189575
595556
705039
-44485
-122283
64900
788129
88149
-530874
198701
-743865
-730429
570667
836573
224837
-891145
719728
-484190
-361658
-13812
672140
-933772
618668
-59091
-919388
-315474
711176
214819
781517
515242
-42587
-255361
-579601
511737
827199
421728
755012
-16964
830673
524258
714624
-636637
-984820
-531804
-701173
-96385
322531
193395
514538
754693
-325949
726680
238395
-87519
899808
30522
77663
266356
184747
-774798
882354
184428
971360
-688662
-934923
131583
129979
430640
-896691
-78460
-354998
-414307
469988
206894
742494
-429220
-102354
166821
-191077
-341991
494790
17987
899247
-270776
702454
-82840
-841569
-2289
-710314
-11910
-833219
-841903
-178421
812284
861622
-944936
543537
-73782
-826936
425118
264915
890350
236560
259640
367383
363810
804225
980576
-46985
-969245
-217103
-549603
719274
158127
941261
836881
575905
262107
964205
-970017
-971604
569746
944259
-572361
-971715
84078
-987860
-22273
705861
-536660
696489
847007
188731
747536
-6617
-933655
-343109
445908
-105542
972964
377547
-947250
-200088
-863820
-127688
-39907
536546
-319257
76959
724239
-278578
-932898
982407
-127597
-665793
-154218
-714452
823637
921798
-441710
-911657
250492
711842
-442073
-298136
779516
-380782
-15005
219638
-979944
-668980
521115
-483571
-614920
-964218
-287344
216342
285154
78001
-899779
792148
680600
459717
983360
311050
428622
-117705
892386
251323
-632761
312712
-961083
-159095
774795
-477065
534441
-970433
-495545
282711
291675
759530
-745919
428795
-295878
67874
-676747
-610611
-102553
864230
380113
322430
774024
718885
272906
711767
193081
-728615
-913255
-22866
-790255
-138930
-889258
-271755
-590260
74113
-839121
-673427
-35046
181411
728069
77304
371331
-84547
-968925
-529653
497909
-341907
-36133
978754
699244
218190
348607
-228979
-876228
947062
630009
-492792
911742
-199912
-31288
-116247
710549
-907702
971799
846226
-289828
563810
410812
971719
653677
814713
-791862
-851847
-492784
-480623
84627
8769
246719
-991149
681149
739560
12499
-108047
-466817
-306397
264780
41642
-913671
100700
-996159
530412
476334
-19797
393954
225299
-523745
830948
-356697
940751
-156028
135241
-624616
284324
-912215
-190368
-486473
-512500
347748
-715808
-384499
-436681
-483153
-648379
-120240
505202
477670
-43261
458414
711461
170782
365270
839224
-785033
29343
-374088
160622
982156
726912
-763156
761571
139758
537182
205112
922765
718729
584632
-800977
410923
-306224
-808086
-347604
575699
-844546
388804
235099
876055
255607
734919
-151567
-2861
-722867
-22789
207228
219798
230750
564464
-348588
113835
-419814
-970801
-467279
-936381
817506
-67941
-387113
653632
798860
-682102
-628244
977952
443779
265338
-650902
-546300
-666101
-107246
-543569
709980
-251357
902006
804785
74802
196227
756262
-706480
929167
842821
20980
348996
630669
245408
-19040
-175179
-674053
127951
-393839
-708118
-720218
563216
-174030
645401
-720054
-905528
901223
978908
914581
533187
-757077
154949
266964
506906
-728120
649608
-844995
-547026
-464079
833367
-647337
-351664
-347265
379083
951946
91395
-944378
971517
-317761
-49959
531476
-899019
541235
333945
-598202
-778310
-828066
-405566
-874746
-660024
688378
62986
838564
330144
967346
384384
457744
637881
-707992
-798545
832690
-458476
7715
-286173
-509850
-567763
673044
974502
-252393
-554099
839363
374947
143863
-527747
802011
283692
-12072
-8107
-384498
366231
-963158
326130
133542
330179
551057
247749
148394
594808
503074
-955128
917033
495341
940475
-729715
438949
409187
14204
-644049
8223
714478
760166
171753
-713668
260051
318094
991493
367761
123405
-61571
-699924
616848
-570646
51239
713756
444814
-571949
-461177
-858951
663024
161320
931667
657210
93426
-598071
-140831
-660540
-139885
516658
816918
520724
250144
775102
108294
172821
558172
-572020
-911570
-477295
208585
267391
873161
824324
-988522
-651041
835538
189708
-654555
925597
364567
-403587
-530248
-536141
446839
-288494
818999
817194
-813512
-693826
128032
938421
251783
847136
-160629
342907
394893
-66156
296537
63218
438314
-472859
599929
864615
268112
-649567
-358826
-313190
-894465
-964986
842081
-943355
-392360
-896744
570166
-275779
858081
218580
182765
370802
-736044
759678
-954880
-869871
-511068
-189417
-469036
865928
-998003
287467
-824090
-311639
-746154
795462
972435
-405336
-214746
-787385
573827
-983618
-269056
631372
-470604
141808
713309
-64627
-676833
-927510
271333
767941
634248
810117
-295607
-640246
510311
-219800
396736
-311234
399982
925130
-675557
-470754
-569673
-727467
280967
-174601
261644
428070
-661537
175737
297298
505585
636076
786980
-558958
312130
-532038
-836001
74021
34782
572119
266919
590844
-623928
-310101
-99868
-550518
-784929
-491985
-598696
-154034
147621
533067
-588624
729344
82970
377232
-740291
15703
184007
186383
-146244
112757
96342
-23852
-958255
-164112
47326
613122
871443
-127234
-332227
557836
611008
-358596
-858338
749454
-770031
-471141
-662373
-187322
-87767
-145432
870780
-652366
-53721
-665610
-11108
636486
806106
323049
888812
-944310
-750444
-138206
-264559
658126
602519
694082
-16983
52683
-340051
278493
81835
-186152
-227500
-428483
-206740
-372859
520469
295120
-512194
504152
871797
-225489
978995
-111647
-394747
-624565
573951
-61060
864660
694326
-322820
-388573
-848891
-310517
-215994
653549
-324037
-916996
-983802
-572121
812080
802038
-970803
-532338
-630619
115827
-527338
793510
-414220
-450597
-163602
166713
304769
580632
-155857
-11921
-189361
55221
-168217
-723961
539055
-752079
879704
957744
230802
-924186
798361
74118
784256
134929
-254886
925740
-770015
114430
-472123
7042
-445575
-631471
-905345
-50557
934577
-466446
119245
-665154
374544
357910
20436
-547729
-209655
6503
-526087
-564678
355309
-830128
-543129
-899837
-900799
-417050
103982
621036
-325334
-392842
-825336
-250388
-6523
-916953
1592
-605560
64403
920908
45452
722225
-124079
-486199
-611711
558907
-577306
-663010
-473339
590325
-208714
413333
-113833
238057
913428
189956
-20853
274737
833044
-743616
-193751
-268300
662909
923038
-341899
241404
-753954
802471
-675382
56053
393272
-663081
487456
-162235
-95144
562194
-315220
424578
-46520
-169436
-182618
-534252
589787
899827
730150
358889
-720793
684996
240936
918606
170256
-807130
-85585
-318095
472254
697342
267781
-464912
699696
2096
-453857
-676195
-260054
-291352
-438753
452305
-890422
284546
729332
751593
893817
-474980
-945891
-582302
909948
182965
225930
763661
210858
347394
355235
343919
-435272
860365
-901406
352695
55472
938762
853147
90844
984065
154104
-996772
-19117
80047
-450192
193903
25706
-658005
-188466
919676
655044
-136387
-261639
287435
-633231
557213
976528
14376
794665
-874206
-904654
227423
-848730
940818
617450
429159
-145381
977944
638646
913307
596948
483539
-231118
-501213
-837909
-85878
769126
641009
805156
991614
540073
959719
40678
-860200
-966608
-930025
908503
107074
691766
118946
841362
33042
-680630
764481
-104441
823968
337584
-283550
947440
750904
36853
254954
268652
-268757
-256365
-517351
390458
819712
112572
831244
-567789
908360
301382
-203685
995491
-303857
829876
-405278
-776154
178158
258397
-767587
174876
-408642
-15044
110509
778792
654695
-636333
-970889
-231797
-306858
-693444
79340
-419785
-839795
-617907
-702365
-547693
-32684
521959
411937
-519605
-522227
312028
89211
677712
936741
-660742
2579
581107
293159
356792
841406
-697447
649322
202364
-447738
-208484
-37653
-530681
616523
-612545
-289867
367102
109316
-638773
-170372
-983530
-218461
892234
-945334
511450
-533609
-236705
-573103
-62820
-913173
36672
-76449
-50698
-555765
818386
-610449
868603
355751
68064
-88869
456320
450992
913911
205871
248576
-957440
-391584
732442
-884176
727190
260666
-746370
-183136
97662
411956
-213338
-957814
612048
-877723
-348265
-795845
-513841
97480
879359
513051
-786895
-484393
-729014
-523045
526590
-310206
633428
-697159
-122991
569292
56121
-553101
-145733
110659
940743
402374
316167
189722
459797
-313439
921241
-692700
-422611
-748693
155952
-178833
-191900
291694
731210
461115
-266165
636766
148967
885398
355646
-318710
-261531
675605
931481
-594146
819594
202673
828811
-279406
-185311
-97861
-833534
258483
965435
-384003
797382
-753332
207254
874479
-71390
-641039
-401636
518675
-977860
-328601
-286206
16493
232454
-324045
-403695
-999262
881613
-554562
851842
-938579
18287
-573535
-63871
-692040
260906
-113389
-329388
-466019
-273777
-31636
-170219
705656
-606443
-413483
-71397
-178200
63049
-668401
840823
-152221
200739
708572
560026
-713805
-649867
344845
-333932
323217
212988
678569
657911
-55588
183833
670263
523738
-197770
954009
84393
164345
139964
-248016
-89115
-565382
964127
941061
-27407
-87989
-349340
586983
206906
-388442
-492556
-374883
-568448
204726
-48544
-895782
132066
19412
-660874
766543
-68863
-436246
634361
641883
750804
-518920
12159
324702
329992
-648523
-179476
955051
-372079
-815411
-307962
-898789
872274
-453815
-507082
22078
724069
-888307
608474
78893
-723193
-497542
76233
-327813
-768349
-45132
-758556
-928182
-207111
340733
-711083
149625
462059
976320
458471
-908933
-886940
-706518
269698
-950717
762597
268531
357953
107483
870702
202171
-886222
-117100
99333
976911
-148183
-355112
551590
839050
-973119
-960485
665799
115608
-411151
804592
218438
972374
330566
-505160
-463759
-280299
-747454
684405
-613902
-460034
681169
-973635
289109
153551
-599196
246089
-966728
427843
593069
558253
623246
-638192
510069
232610
741519
-981878
476445
788735
602816
-245147
-22097
51911
940442
-205544
-136160
-858533
-709542
680668
840100
877008
465764
436691
-873810
-556837
-551084
155334
-148989
-208151
579491
887303
368250
189131
-178573
274293
-111406
-290929
-398856
-122978
-764625
-999574
-100478
464767
-209613
34129
712235
-363546
194357
-544730
609689
671225
742561
-246641
940912
-645937
-83732
822755
978519
532155
479410
500926
-579290
-376534
406765
-485964
-915799
745250
-90028
-370526
-328813
-985750
617806
844448
93571
169161
-627951
-457838
-747477
640742
-357540
-624674
-279517
824782
292685
864696
9033
545173
183007
936728
305234
138771
-816892
-571954
-827278
483792
-841637
612780
-271068
150138
694414
251105
480662
311698
601547
668645
816437
677800
-131747
380816
535888
-302405
164326
-719930
399083
810434
-246597
-240307
-311389
-461240
-655396
70335
707512
-461390
-617201
-666726
966844
967324
800280
-447755
563927
-830366
-89322
565326
-340684
-398917
-509060
359550
172684
151679
941995
-570803
785357
107017
914857
-86366
-546074
524471
979969
-817837
-925646
194446
-792265
-53093
-393218
-676997
271461
511401
-329543
-379596
131574
545109
-16841
-254403
475774
-903571
-199646
-972921
53301
-348498
925437
351922
-400241
-678321
712662
-725389
199801
146998
642568
-417263
-567375
226638
-15318
227466
635970
-77456
-659816
339666
525467
563710
971420
919099
276683
-505841
849976
-552848
-425764
300356
233490
-798181
511049
-194119
680828
479527
-2147
-835817
976928
117919
-891991
-357177
-653371
-807883
-202015
-937151
-962368
944735
-760877
905474
32121
-486244
-263739
174108
-611688
216661
103531
-499481
624205
381150
993474
566741
999226
-591077
-574324
-892060
-55939
315072
-676120
387372
-945443
-976848
-656371
-677608
648464
855559
444579
-898255
-815578
868659
80062
-421610
-85994
225341
984311
-655992
-404508
628646
-647255
-307934
-238101
512748
-639547
17062
249804
115244
-366381
-266254
109043
-116127
-890362
700561
680387
610506
-490502
-492691
-736034
488938
-127348
861218
704146
-362327
-466730
-752657
193763
148632
-931771
598854
-293327
48466
63193
-238973
129542
-404227
145401
291641
-83202
-787984
524913
114599
-164013
872047
619145
-431927
634628
-629999
-344125
-973173
-671966
-243005
128944
-406504
688823
310885
-420881
-359215
602451
360210
-123837
587994
840628
-481155
224976
-890802
919825
931446
-433166
132754
-809085
-665204
275642
24391
329873
-268467
315270
-148263
-735402
-214231
862140
65333
-94639
-15371
-816989
292119
760649
400395
282590
237057
778075
-352626
379653
-696633
710818
766411
630625
-363065
-901759
-328517
714564
-977993
268431
978213
939523
-900969
621344
856160
237970
8517
868588
-283594
953018
-155345
99167
-778140
784889
-637534
57596
340415
-841354
992961
326511
216304
286111
593426
-117331
641248
535521
885043
-328630
-788817
-360573
-935254
-861225
820317
591392
275034
134005
544779
461119
-578416
-447109
-252580
345872
-920771
270783
-181258
-264762
639167
-130555
684069
787467
-752041
850434
149406
379172
-220481
185611
-829472
-581597
238677
100447
381622
693699
346992
377101
678233
329827
-503340
221443
-964557
75426
221120
-271051
963263
483475
-733916
275430
702988
120477
197871
378646
155232
283634
931335
-442743
615289
-64086
181970
-272657
-515601
-769029
-712079
536629
215477
740119
-748019
-54681
189758
-831837
-108727
-813120
810300
-331825
-146985
18256
-537469
397846
-670553
-642104
167565
58516
-165959
-686747
558870
-17537
395923
-648585
540520
-135357
101455
513805
454065
100414
479308
201535
224528
677013
-397947
-642152
257070
431793
-688642
-440034
971529
-121894
71898
-333442
972620
441326
969354
162521
-573606
827709
499616
-975195
546410
562052
-798015
-977983
805068
-629499
259129
285850
620362
-962625
-592343
-475917
636330
-167985
694747
-536620
-365361
43875
-367818
405265
-177409
865367
165709
-470667
142143
985198
913937
337676
-418086
55470
341287
961930
43393
284376
945877
-536101
30348
-43902
273813
896200
-198178
-870445
-281012
-544702
528103
122843
360468
-277809
664772
-780788
128693
535054
167681
-594343
153651
468456
383742
416362
-509823
-327211
328047
708345
631251
-718520
-787971
286540
973457
379577
-109046
-664497
48871
-645939
-326894
708045
882681
-813405
632364
570315
-765516
-704323
869936
660993
-39104
106633
-797965
-518794
215698
-647157
-507218
617911
-614243
444330
-255107
-243789
-536920
-922604
592387
892982
-247237
47310
920874
748672
581683
508123
-689656
-935295
-588811
-248312
876253
807348
-335041
788050
78265
-448747
869274
25845
153146
-602176
546412
470291
-248973
133288
343849
261629
665321
56176
692906
910624
164023
494185
-417642
-364529
-476719
-327127
395388
-119128
288613
-439484
-534653
-739098
-825635
-419542
802617
512835
373121
-341347
-635769
62152
-519878
-182963
473029
-940366
-193806
-603887
-336534
56258
-383082
426948
129372
989474
-864707
-553670
442598
-384273
311266
-581794
229704
10471
-155571
899434
5351
986416
-77423
959809
-771675
-72125
-358738
-858132
609227
-975373
-110634
-973137
-518493
-327650
-898099
-872761
-79837
702063
15721
491971
-383933
36557
-830535
151932
-752016
-957341
684866
-396237
-645991
172877
877797
-403003
810982
498140
-705572
574477
474888
-986618
977763
-980650
961451
-932243
908403
480507
23177
-182006
985385
-169826
41368
-835722
-195514
98561
297315
-193835
-112432
997892
111607
546655
-228267
-416709
852083
-584692
-751793
294315
-632381
-284069
-859613
-58206
-109466
302144
-441276
-599888
-957334
836136
-854796
-426299
294778
-273494
-85333
-193432
765582
-204341
-722672
-363374
678336
-613650
-388188
-492763
-374849
-708650
-395906
-281204
-314276
2650
746673
-216848
883138
463396
271433
-596333
978371
467237
-47500
184653
-466995
91801
-730818
-662879
-880773
-925774
376181
15356
-674617
259812
-454869
867977
-418
700492
131034
-69965
-332660
415421
208418
-396360
507990
822377
-572883
-868889
974375
552489
345523
575222
-922462
-85271
-519527
-793214
-505066
-884941
-871371
654883
414223
-754986
352813
288427
899849
-561997
-41603
-828420
-627264
499235
575894
-468349
-321117
-332152
-748508
584533
-842777
-993809
130152
-155036
-450121
206175
-410684
-534179
3976
-451647
336470
-121694
-579829
-346645
-24645
-536481
859708
555083
-464907
324555
-963944
93996
367079
233981
-867221
-121048
-232963
222056
-632249
847659
-204568
265717
-99312
91935
817159
-578500
460341
-406343
671841
145118
549241
506464
-113457
12929
-742289
192693
-977993
-359447
-10364
45635
17395
752432
-258122
-477628
788815
-746206
-368413
159758
901937
-19401
560828
502553
27348
-40787
359000
-499667
645804
420162
149093
252716
864366
-532981
-577415
-478087
694696
480116
-704377
-255612
524811
677333
-968340
-793484
835401
-707924
417065
824047
234265
-892291
-399572
741001
838616
589123
904135
79174
130633
822929
114754
-160562
241405
-880566
201099
-440788
417614
920441
-916212
352322
728965
-190770
-688619
-111027
35483
590518
-345224
267665
-560483
-949226
135476
-220255
-215768
-132957
470345
-618291
110484
-323104
709419
554280
32814
-858955
-285487
-796236
938653
-501207
375660
50989
127077
570684
404789
-264849
777098
688996
-711457
-599164
-43444
199586
-920660
-545714
-23151
-533569
-267108
932429
-986783
-593368
392255
-574194
825483
-991517
616620
648369
876772
357677
-906614
784789
22959
869810
53963
897058
730136
-3224
934649
-5070
42587
482697
852904
-869988
-897662
-971477
447884
-673825
-458165
-745347
147875
-26648
-237145
913312
-497646
-416896
-769057
697888
-48242
167381
466642
-976115
523761
312612
-541479
-650822
-411411
-295169
909515
417553
313436
44480
-984292
540561
-437579
-535286
-953056
-393754
-376293
917240
-699154
-833244
117263
-335898
-672801
-644065
-465594
-639272
-608330
-399767
933398
-302070
-791847
661481
-947958
37908
-802242
-502764
133268
-174534
161249
911819
322146
-765490
-122255
-406703
760009
-14398
92427
-477977
-749730
-262834
-545379
104326
-777180
-584902
471533
-628679
226399
344649
370226
531604
927367
-503998
154464
56532
812376
-102116
428417
-266987
923654
-322875
-698305
-434390
-369394
950031
-139906
-122595
600232
282551
925862
134339
722009
860692
107390
-889862
-871004
-698023
797620
242561
-122144
-482810
520441
378997
746277
-172687
128201
-661148
-138912
-261139
-81592
-19824
907526
-949996
-808120
-639294
148709
87863
-445209
439751
508054
-4130
929237
-769012
514063
-571906
620980
-768047
-213675
-65354
426136
678797
381390
-157115
832173
-576033
-166219
886669
752760
105643
-981082
-244420
749238
56793
-108583
782109
-186528
670118
-891669
-686342
630864
592165
-926888
340139
629246
342614
161798
-283072
-804253
-737311
-690438
-333882
-327298
105584
790445
119226
938356
-58074
140793
234376
-276654
-668865
-380498
-12866
-754705
-220347
618434
580306
-52371
102380
166820
101900
502110
-422005
-238415
-500335
-36606
-188745
409920
206734
485550
320766
-793000
170365
844873
-497987
975745
285079
-473871
276766
690231
-704682
438203
-294094
683899
-937690
226326
-638553
748037
-885977
172752
-752858
371988
751649
-952141
-644020
449125
604677
940744
-775102
-603070
-268644
923195
-209541
513457
261839
745310
101257
719822
771985
508360
445853
513587
793325
771478
-106983
-286061
-129241
-60591
-993836
734310
-713070
530544
-230423
534206
989038
-812940
-854852
516665
-231557
-201167
-909301
361999
-121058
-240211
684204
561867
-236113
-900319
23400
-132457
-817699
181020
834804
276015
-39233
918855
-851576
-186504
548984
-169533
731935
-713942
297605
-554449
660809
943655
-389082
858181
-396624
22000
966758
587940
-322011
616109
-226103
-963416
750438
723945
-962926
-694795
-515729
-921759
428462
-571629
-995591
77041
-545472
-327757
-658157
814127
-960694
-4720
490204
-438125
-154508
476529
98779
-858157
-768388
-885941
636155
48718
462011
-461053
-703834
-95202
975696
368848
-349444
338512
-541717
-445121
-128848
535728
-55624
593872
809343
-831299
112613
348990
440014
343099
-716206
568156
-520352
496104
158549
59675
948785
456518
587174
-442840
518897
745367
389742
-494286
-257632
-481177
759655
-625207
201538
-907453
206895
798690
296384
161799
-354641
-150153
472411
-281515
515234
764619
-740403
-973406
991173
-889781
207358
408810
617114
-203760
-419873
-507260
-57256
-822783
2279
280336
-430350
740118
-495832
-556404
547266
73143
-181491
40838
-63662
-337726
-367694
-81556
-7097
-348884
-258336
-993921
-195221
-368833
715172
-175386
-379563
-966527
326538
-384161
264887
-333387
198523
1808
959300
790907
-203472
134140
446396
-840174
-122670
-456047
136725
605630
88368
45661
301767
-510011
991388
-321055
873397
-665453
584803
697598
-689741
-870147
-48666
-302708
970168
-942814
639705
-480886
334369
756078
814744
739055
245279
302136
-895839
-110817
673087
432395
-906702
918521
-269803
477186
281728
-948723
242308
-425652
138641
475115
581675
188112
-582601
-413674
914287
-992534
-128215
-531688
-662623
85586
-88897
500783
790220
-60258
663626
-882267
-50658
-50082
-148211
742461
-142736
584805
8924
-645175
-369548
-944345
224848
65881
250234
895422
930980
-39410
4063
731271
933808
-203508
289938
-381847
-512897
856205
412868
797749
-606321
-538861
-276436
79145
422820
335414
-609164
-459633
-866103
-516965
47683
429315
387684
-725883
250600
40145
77173
43781
-605280
-469764
-860181
217549
69764
-633252
-11741
-964701
814738
168799
-726018
-231823
-770218
-504720
99869
480504
-654028
-789260
-248901
-154459
-268587
117233
-193368
806908
-747220
-968887
481502
-92239
-592348
737957
887106
-975914
-314648
-329747
-699400
295853
-180018
-625549
431459
307999
-612768
360751
-130504
-270906
201481
-305115
303294
804773
-583847
82531
724516
334199
331509
518438
777214
547620
-783714
475932
-599714
-102064
249308
-173499
-848501
620558
419142
178035
396513
-453453
647281
-272272
-839100
-835132
-46605
137022
-353982
-296175
474259
-472199
816965
405851
102799
-539431
-505999
-539728
-950136
501972
-40288
-370216
355342
130400
-185225
195304
-371900
956502
22565
251635
703792
-666254
-267336
269536
-651103
702711
544923
-105129
-162499
-461585
268336
-76075
205862
884112
-595706
-748704
-621751
554683
873527
-801068
678851
-274915
410081
-800037
-207761
-699528
283583
-168069
10640
-774276
132963
852425
931736
-297393
-486382
-458821
-264173
342700
60476
-232421
364595
-498393
484246
-408680
93432
298511
-386218
796023
815612
763116
-268534
-698650
-95400
711079
94870
-748431
-869578
349897
-471992
-525170
350581
-956964
101017
-902062
-471438
930541
578691
937798
-944134
748339
886393
287189
-679864
700746
544520
-831908
925372
-869992
164744
601444
-985189
601808
-752898
488556
919293
767509
2706
492510
807767
-881354
265639
436516
562085
-38888
-509412
271828
-766028
922417
389663
-495481
972425
-326224
-420439
-152377
-945934
108987
-241766
-424026
-519257
-967856
-792335
-306964
-247781
-47411
872231
-754840
-507163
342923
-372183
223207
-322234
-67804
89841
-148285
826198
735957
-934464
-288238
460880
883071
758010
423808
-60938
-51384
-195299
497847
-930782
-207138
161119
-665222
772715
69980
233700
78033
-626320
397893
837785
-685473
-303292
-632276
-491088
424655
782454
878070
-673736
-107155
-338757
-965064
15191
-328623
-780230
675514
-240857
-423499
-517388
-179683
630699
108264
-327601
-893544
999149
224988
123198
258398
-173899
-547495
-56178
-609252
300136
793812
636238
-999138
623738
504027
607964
124177
-581103
184359
-337400
142691
474424
438740
768360
-474425
-228292
-713812
-503496
409812
-733913
-836321
-792085
-365235
-485546
372943
-156846
-769157
-488263
584904
24296
-325193
-549337
-651315
802360
-123004
642780
-527667
-239253
504408
-92400
-391307
-379022
544507
-148812
805983
728396
141833
867403
472423
-557324
-748910
-860957
891934
673899
-143008
-675536
311128
-66595
-219688
-996413
921696
-660878
859769
363116
773196
948148
726786
-699735
-507797
-357224
760496
255305
-558118
-206293
-590555
-838751
-688202
-72230
-334364
-706838
372843
-469026
-539655
89526
-948181
-399038
-728394
5261
-440837
-929006
563479
59688
287719
-545502
-204089
-712119
-526890
584824
-436932
944437
-174984
-746921
920317
397519
913500
-961815
369155
-378669
900509
644360
-28995
787499
-678724
-774615
341934
-414223
540298
-235419
-856782
-764542
565436
-900315
-355618
-848709
423073
-621590
71300
-381357
-287377
-997449
-825258
270549
-368199
315291
-183902
723256
932733
-967074
-607301
151324
157785
255048
-172680
923812
512990
374920
722006
-914326
-791939
29000
194873
-823005
718494
-775733
750287
-605359
549328
-759873
438933
-79585
13466
-154715
-231692
265820
657136
917081
-548349
516631
304194
942528
-788240
-799661
159150
-877042
411896
-163097
-723115
-845006
235283
-708363
-538294
253790
922158
900100
751783
807094
-665584
-387907
-776774
-659564
-215202
-17217
251997
-691466
302650
-277345
-782237
-138875
-752123
542463
-210258
719298
-412859
-969143
-104866
922575
168994
-925431
-985308
-13736
-660469
-867867
-925772
-315236
918134
594233
-781863
770332
383556
-761389
-165854
699998
444098
-901944
-222150
-108834
-963124
127345
-311339
-275822
235404
-940155
-634297
201625
-5152
-771372
80303
-215169
116826
-331106
450896
394799
185056
604046
-217856
342134
-212620
725078
710457
763951
-32882
-27928
-709044
658321
123813
750158
295990
672017
-646834
-13786
777483
-986763
-743685
881598
-994033
-52873
88036
-812984
833252
781970
-146174
914362
-835875
366060
793656
-527548
58224
-394401
489101
-891665
-102582
677797
80148
556367
418045
807328
755181
-987932
868437
689604
80100
527251
-318008
513442
851382
-974788
-823157
378897
-774284
-52104
-906687
-702213
-954367
-601616
880206
58433
-358347
-946723
-780086
-850484
400164
-684905
658194
181042
776825
-593572
-524680
557312
919803
-515168
646682
912042
254514
-62709
584912
-234228
385315
246164
726975
84764
228278
-146504
810122
-327761
774841
91478
13993
977892
454269
-917718
746066
-474063
-225506
-940572
-582253
474888
-532896
947812
-547199
-962523
-990539
330645
-923382
728311
965596
-574365
-321049
-198104
341155
195418
103470
495051
650701
587484
-352124
280481
-406514
-48513
-347280
-807928
-595917
699649
-619702
261249
-208418
368488
-91822
72668
601967
700091
-994467
563458
737535
-152490
-551383
513375
-624122
-693138
-183342
394346
107420
-893534
930398
-286638
282589
125113
-831886
-48313
-816411
-157826
-957144
841953
-897414
775605
-171784
-13775
197577
-199751
-647341
-174109
972745
-957901
-516786
-913396
-746692
-312967
436475
845462
987988
844673
-695084
-370747
745074
-56960
397137
144101
-219639
458147
690713
-341230
-377695
-517783
649300
209316
-553224
547867
-46177
-436683
-46269
378345
75417
428624
-986478
819107
-589158
-502345
-457519
-353520
-953084
633681
-362646
827502
-192079
-521938
83720
560007
525452
371128
879095
-222099
633404
129657
-326617
970194
-249222
-820093
742480
632838
20739
861824
-137041
607245
-753111
331350
554094
-884516
-746619
-473354
659489
-994128
329031
-553150
116205
676236
-186962
659097
797635
-511539
246418
-650496
-649014
465771
947742
-688786
879451
-536114
-523236
-352076
-768218
217802
-214551
-567801
-567311
753593
891399
838827
-391295
803892
-172335
-404674
435345
988398
625097
367135
-960129
349100
950414
-371079
-541818
-847771
807017
-249744
445350
-7182
582662
-892442
-482912
-270095
-972225
-102038
831773
-922180
217108
-655426
-996753
11649
546359
-120957
262511
-772738
-550716
-865021
-302844
-750500
-222450
-53221
-41147
393124
-967915
-816317
755382
-905886
-398957
-898117
-859345
-373163
-406475
101844
352731
-734129
304487
-653479
-140837
-481104
-283448
442776
-273014
-738055
-783299
-141936
946652
918927
661281
-175944
61279
71055
484890
107882
-450332
-821688
-309881
-227990
506551
829785
231573
215703
-605559
499432
-819343
-512979
908527
-386948
-926952
875445
417155
-534024
249290
213514
812968
903349
431772
185992
778348
95802
795949
389330
976518
969755
875377
825152
116862
-754325
-298455
999652
801388
-452129
997747
375223
-892840
193152
373373
-568987
881857
-915060
-297259
426802
-329927
-71830
-989604
-765433
556973
925513
-304422
405149
-30525
-614060
569387
-189499
-430116
-473069
229654
104529
-179016
-63903
265150
682147
-843847
-947834
-837839
711248
731072
943344
323357
-767376
591156
391955
956195
41889
321370
650564
976516
-330244
-912568
-574983
-592379
-347003
910896
-974497
-428028
127941
247053
306702
-157102
890679
-350593
677642
-296293
-901373
517347
158930
-109932
-537755
941837
14614
-88127
706220
-703451
188422
663008
-442785
-93541
386886
928757
456058
-278072
346877
-614157
-222122
-142814
447373
-714620
-135642
-493156
-115875
-565387
-628579
704408
-685487
940481
245806
-611318
967899
52793
626667
-679254
-868181
-441652
-675057
164437
-238078
179193
-828393
313857
256548
-51762
226442
-255653
-584468
-127461
36314
82431
-767495
-575304
-513437
598483
-581882
742768
-239728
90753
42968
-140791
583453
-675825
43984
-481295
133110
-343652
-491232
-886009
-567361
-937415
256155
853122
-657555
-914463
706212
-100222
-538223
705430
574920
317489
-238667
-756710
153704
850326
-729377
798024
-631281
-600970
79154
109197
455906
278375
-81740
986373
379957
125298
701867
185782
571706
913892
740512
204259
-41516
-524366
-90747
-278386
-224758
166278
406770
-337138
-344298
-533782
856715
-238136
583837
543888
196862
-374003
-838918
821051
932265
-579952
-978381
902862
-919080
-894462
157069
110319
513068
27468
-120900
-338472
292247
-59160
698546
381114
894467
-608419
-705512
-196659
-165614
-33835
51290
-273543
-819072
-489892
171613
-384358
-504411
616887
328396
238324
34712
-340129
-912752
759475
-861715
843417
398302
-631140
278046
179763
689002
162006
-419449
-801188
284217
227151
-484469
-398943
31764
-854452
-793387
-41600
12696
722065
126905
783659
415850
-157271
-360904
149978
290825
337491
-889182
-180787
314300
-848759
-545450
813917
-627030
-714834
148517
-574786
171912
71507
817365
299988
444524
748198
-849855
-58578
303809
-426505
489758
-990557
853076
998248
459608
-169849
-309238
-741967
521754
-14710
832436
-182002
845421
-844114
-711941
-134587
-754824
567908
454902
168407
-951195
-405183
-446885
241219
295781
-609566
857809
388593
-3511
-41511
247523
601666
-52143
47826
123921
783409
414850
477639
235137
139046
-724304
148315
-400301
796119
-311524
-65321
337041
482011
496182
87744
601157
485197
-154109
123409
-66779
-824423
389273
-878182
105066
491366
-378808
940533
845119
806944
557907
-575840
-815404
-966879
-911396
-976836
978065
432891
438109
-218527
-538520
988516
712658
768028
362819
-580289
-656523
-123258
996893
-754877
-992095
-355070
-347347
634058
577240
39570
773948
-215368
365792
341719
-293352
979846
854152
-857693
-60255
367210
-494200
-131396
-507904
810277
-696826
599088
-142088
162408
840629
168656
-185516
16868
-731496
476618
706304
-71699
35045
-735641
556340
-267190
-310396
-809251
971595
456475
-457162
-195246
-909902
534631
-56749
-414354
-742533
-612927
-373205
933019
-347887
508439
11150
-141860
330886
-438505
510824
186823
-130295
-35650
-533500
-903776
940659
722559
862577
-228588
645760
255244
145026
340623
504474
-956221
941422
-377286
678865
338360
497560
996628
169832
435163
-64790
-769492
421641
-229690
822106
645112
-211304
-81370
941839
906709
145956
-873661
253084
-331748
-53126
-984787
-381974
276189
402260
978821
-75467
-394821
-82001
393189
671405
-167196
-370502
-299283
-727876
33195
-794902
-879765
-134681
-742717
410282
236198
-775090
384282
854192
509639
606413
-587057
-930709
909157
806981
984530
447768
-321876
735989
590359
14068
178088
22401
-922121
268556
952372
382485
331043
-688592
-282631
-785757
-470587
-465018
-133467
39752
60597
525882
-715478
-285491
-690732
332627
924720
918472
132617
838689
-694503
-565277
906454
735571
509230
-893004
-838890
-110939
627563
599756
-193067
657206
-931997
240204
69836
-166793
-709551
-903248
365687
-713665
-320323
-849489
600533
-53124
325064
-275397
639675
-8059
-897004
-870237
163798
-886645
133842
622424
908731
-264659
-401815
-644915
554412
5802
-702784
164471
381290
626608
-804184
-272268
-723534
-157228
-301207
227528
477781
504347
-514456
-767934
310007
-392395
-827919
-26115
786404
750153
797223
-593150
-536822
-835221
920581
224011
-72809
-212949
684944
247523
687280
484935
-386789
-546199
801738
-713088
84662
-631886
-278231
499466
-416332
617294
-991885
509084
587736
-873181
463984
487464
755484
-65034
163937
338725
-181987
-882295
536569
-215545
-571738
723934
409084
-987952
122327
-603239
125683
96960
796785
859651
-941175
141352
356289
-825813
75142
-247203
-933977
805415
693989
740039
-138429
728184
681491
-907111
944571
487947
-550457
-274149
-938966
847708
-44167
238114
-591704
316214
183808
103842
217074
-134379
-613813
957658
-682570
-25172
865083
-130259
-842754
-46463
-690276
-108655
926390
-339658
750911
575776
452187
-518556
-279499
-2100
-322877
-623456
-256214
-918864
-653565
-956513
476763
-573439
352640
574326
150581
513955
-276075
548345
-402420
-840104
522334
-285371
610420
-286445
977567
-593446
546752
-281749
-828971
223584
-974443
-907477
176470
-337782
-914519
-226298
233767
-20328
432670
-336281
655706
-64778
-631051
27623
215202
-193406
41264
-617768
136437
716523
969993
-406914
634844
-858827
-397368
-730146
-196774
177625
-271931
193198
340599
-857208
-774406
-718485
10856
880016
-235708
878730
915804
-925096
-81610
-624314
664421
-364155
313882
393752
386945
551487
261765
829509
228933
595598
-343274
-850031
739877
-235042
367563
952209
-695454
52257
-50177
-978914
-311280
82963
902788
852453
-749757
457497
-804007
-611300
155734
-402749
-719352
-917681
-523817
-95759
227615
77912
738834
823825
710472
-776339
-55752
171654
-929273
251860
876716
98212
365200
-623183
-674325
-343592
755139
-194688
488597
275813
-650555
-249571
818204
-579639
145980
432384
-354296
-61122
610342
-500473
815972
-300196
-544553
-179220
532937
-113573
-455539
546390
270980
610550
881201
-402293
249575
-830868
667309
-649790
540841
818081
-846620
-303210
856698
530913
960723
-61161
-882520
297540
132162
623995
-3225
-853972
-111706
200946
522816
-697109
891158
329751
-409319
-96510
151656
-135806
793565
-739836
13928
846074
578247
-744806
-916300
782152
248144
365727
885815
-6874
90035
319595
444864
-38825
97178
342701
-339650
397520
219879
-375822
405530
-546156
272928
742978
-884559
682781
238071
504937
972653
-132618
-964363
-87853
-988417
971878
403011
-357231
315451
-185402
-55403
203384
646799
-250124
4147
902376
401185
-41888
892965
-793686
755973
-596925
-647941
-645133
859416
-537872
-299722
923525
844411
164291
-302633
330613
-85969
-421322
443521
581383
717898
105106
209485
-910539
-541356
-287678
-477653
306255
936897
-559934
-986385
-470852
-606838
306871
651263
741598
-858518
-391015
937112
71700
-525006
-12789
845752
407385
-602679
954828
804780
-645367
-257852
-451899
-91722
-36796
772766
-53822
-74022
-170901
18708
100414
213445
-654136
904224
76758
435291
-382518
-708849
-447648
475484
-288019
193729
-854251
37042
-601032
-295939
-42263
-159783
382560
990702
318204
-178197
836746
-382530
184744
-915513
-395474
176462
-722246
-759203
-884073
438799
930750
-295143
-666234
268672
-263308
566762
69111
-889788
927839
425454
-916613
-805793
241275
712380
563908
-952435
875406
465229
452031
-882881
-102889
958087
-11556
-5069
-778013
-941720
105577
-596818
504127
-740661
56732
-992039
-302776
-63398
-490705
-765642
841310
732817
48166
-784323
-734409
-746645
283436
-255209
-102000
484267
908059
423030
209661
562120
-108645
684943
251490
-12042
-832031
632117
188794
99533
-62567
-769133
-261996
-437096
-599585
250630
994398
37437
565990
132117
-906406
845508
-135109
409358
431597
225541
45476
-556354
275734
167282
-864222
655308
137532
-779394
442902
693682
374560
62121
-980992
94297
79857
828714
617186
-363312
-19714
-941768
-548029
794026
357638
-827404
-845233
337649
721323
481270
804764
-616502
182917
-449934
154119
-724313
-765357
-603385
-252611
996002
272333
-798684
447062
284797
386197
-805225
458395
818227
999115
598708
237288
-271046
363583
-738530
172845
651480
-651454
-248907
340238
534175
539669
118812
677546
-813817
131
504549
-158983
394022
2187
-604836
791247
-717426
-844235
399469
444669
-220989
432901
-570446
607510
640087
485773
-453987
836175
522660
939677
-692546
-659712
49062
340118
-356814
202951
316146
58589
730537
697292
956375
-43157
555282
-917858
-162032
-352640
402277
735036
-324830
836983
862604
-138319
507352
-398411
-384529
-361898
-117799
-120901
-12261
253883
38883
432604
-606578
-721375
-913626
-674808
371873
9246
-542401
540358
-916206
147683
88655
884416
-143443
-101862
-612680
678904
-108521
-827671
418676
149657
849463
452500
-691439
-58136
312642
78143
-63411
849369
-897567
861648
731466
-653634
78848
-285069
38766
-804326
634677
-120137
652377
232724
-22581
829270
380164
-746361
-938645
-665838
-261261
287286
482534
713786
731542
-924003
-458975
309196
140354
763746
-979426
515764
440006
-97813
244131
580275
-49875
227593
921609
886491
-153456
-438575
897570
-875722
-81003
-676724
-8120
-707961
-556280
253508
-971393
762920
334740
325119
-390202
582802
367005
-576760
-305409
825595
938813
880360
-78216
665114
847706
81652
-394347
-63994
-949023
315520
904860
-70724
-623583
654385
-680803
-828097
-104378
-348816
-80004
-117414
-929552
554235
38044
285441
-968849
480405
-664150
42966
39454
-60066
-984573
547399
-859303
-939331
784451
444756
-884964
-320391
-354069
-143890
-972871
124903
-701650
747131
353589
157886
-736424
-576266
930496
-761722
580444
609332
87504
-601809
-327304
-865087
-648231
639166
503175
882793
-829653
-771678
-528541
42579
839399
-860251
642036
934343
908575
143742
703066
985615
-566135
-943485
310451
-256260
549728
-264325
528649
413440
866264
930322
-818981
-694024
420028
-239387
-758330
-370803
744997
826429
-452528
379440
-468007
776410
-288943
174146
669245
626532
-982529
696662
827000
-40954
920468
-707186
-813274
104087
-858082
-775390
-391114
871661
-222237
-692865
-667679
-76970
424430
-550517
-802745
870945
550459
544647
231464
-499881
485498
221582
-370885
-795640
587395
811450
356143
165311
-592041
174182
20667
-788201
-92209
-869491
-247708
-280345
-169628
-560175
-936117
925720
236058
-385512
-883408
-19944
287753
988881
710023
803943
-984695
-346924
668085
906959
-239239
-605080
527335
950705
-730452
-859938
-585201
749433
830706
-228902
598909
192307
-834114
135090
728214
-518985
496505
165998
-747725
-401664
393570
16495
-20072
855835
224287
828589
281615
947771
157797
-450791
-629600
-306839
649281
-842335
870384
434520
263937
-884142
577716
501335
80193
140695
756176
98399
246549
-935009
136080
-304436
381008
27101
161153
-3159
-863249
-857047
-188435
-942428
620838
-840956
440946
25504
574340
-195208
-132290
126185
-444091
-152162
442345
-891645
-264908
-253383
854383
688411
-273733
609152
685897
-607841
-774647
960633
-183898
-873623
348638
-259967
720587
692246
337654
-533400
-616188
779381
-100593
23609
-794683
-6373
605977
-750313
467427
-912364
903418
-219454
787816
-209100
671355
-965831
-743146
141707
111186
-260742
-205061
-389770
-188852
-239899
-530771
-763566
-947817
-384578
156707
-138676
-128471
375889
-388688
-922540
-798639
765488
469277
-506064
-386088
-322280
83041
709933
-153261
558834
-73857
86640
-650104
-33931
802685
-893334
120187
-354968
-392324
-590870
899476
301701
-780679
38732
628974
-886022
113567
-678833
608446
-864503
-943290
446341
519774
-289073
568460
666083
439029
-836831
675086
-313992
612677
474514
-261948
-914757
-386031
43921
-946570
849533
598185
-586449
-931233
-837763
-335469
-864897
-79139
-51814
-844584
-54506
514513
263459
800616
123570
-320743
-625462
-102102
-816649
-468697
-872008
-631003
802004
119230
-228166
-884284
-775547
-749879
-15592
449481
599601
479576
761222
474577
-755021
-529865
562868
578687
-698890
437677
788480
954184
452345
-971186
430283
443739
22130
444285
432105
206635
237454
374914
87986
387482
31063
-378044
511029
-153533
265903
-244829
188685
471908
164473
328308
-266805
821607
-365609
-674278
458898
-414965
501773
216253
-813758
757556
372100
859562
-173875
583115
571627
-758969
-178779
406355
789624
703281
-695338
930954
-111667
-502028
-913104
905399
-414603
216038
-799076
614422
339085
-133216
-969201
-503074
500735
805018
144413
648428
75626
-719006
-683611
821517
-599010
202233
904107
528365
-525117
79562
7747
-128617
-982631
-297528
-272472
378535
-567079
724131
396524
792852
943163
54310
-977590
-339052
421521
-420816
340503
-25557
-904048
-852916
-149801
-671276
977711
-24976
289516
601674
-249048
861007
968297
78323
-618468
-952997
266757
231530
475219
150747
-759893
49447
426273
528036
317743
-73907
-403484
804215
861978
693009
-234839
837367
-554586
-789694
959342
149701
-210619
412408
-467966
770106
119387
-293027
-139639
150208
-178675
-345453
309276
-326323
-789071
792641
94093
-370563
-170907
-1090
336584
-501557
-350917
-152744
564180
438892
353810
-265664
-719367
-605495
-990720
926102
299260
638999
-761621
50061
-843898
207636
718007
768059
680099
-46497
726169
797824
-109083
-490507
461835
-74864
929833
-669500
-725800
223518
571761
213997
-306473
256422
-244879
-209253
-915788
-239785
150821
385019
472425
-785380
642079
46935
-212531
788678
505055
392402
372675
485336
-886694
-480830
-288621
253166
-105315
561189
-408491
96970
-721141
-902462
133257
279548
-513470
-286114
-386620
637486
801820
546071
45317
-899191
-179119
-721696
-878426
726344
137402
-710631
692078
789719
809904
-219062
28611
-179417
546835
-70532
-522116
934161
-913305
-27468
-694955
292836
-555112
-518259
25980
-754675
-414626
134000
-120120
160098
45499
751987
-406007
947595
103202
593484
722554
-952307
-483918
-535440
197459
-123404
413343
293709
-691717
-795235
-45390
887840
-219941
795933
-18842
565363
860750
143185
421812
-354249
951348
998404
663145
-233222
10278
436022
840242
28484
-858556
-33649
491962
-203116
294185
692704
-779158
368626
-905088
735185
-663857
-147279
336304
373037
609050
16707
924723
652871
-649024
656312
-654204
-560505
874818
-881067
485431
549396
-538361
-426035
-116702
159136
-441884
292767
-651975
13259
-792898
-588533
-456840
-197196
-744889
569778
-199559
492835
590180
792009
529957
830412
527919
538489
-771961
35777
-406632
-847401
993212
777592
-158554
47739
143623
76147
361948
704831
-206975
-40430
847798
574230
-722323
244977
996946
-338170
374698
-958209
-893652
528451
-465855
-98659
-412542
530026
-33634
362862
783958
630743
557660
379329
-660462
-462045
-96583
168984
763589
-767939
910761
981845
-439924
-401884
-755322
-538368
-889460
890814
828644
528055
-558693
-21672
998787
100787
-514306
-207429
-912547
447474
-867763
-721561
748000
-271866
-319245
-580753
800054
699898
599250
39536
-931265
845660
-178813
-310609
-449888
169836
278330
-106802
-223755
-993185
131528
281387
-392542
-757680
-241477
585814
308423
-699708
11296
-957524
-825262
616536
189033
-568940
624686
875658
856809
-773034
-488808
218144
953211
684947
-106349
-196040
-919485
4965
80242
924142
-474612
-976877
652818
809507
673873
866801
-142806
-779920
-534185
-277422
657211
547495
322423
407211
-78175
854530
-413446
505542
-164020
-784661
608669
-891873
427016
439271
-170573
-361633
214263
254496
329706
-921102
96161
-575091
-755035
133191
135842
-516544
-33655
-514780
469250
791884
-391020
-343517
974370
-289200
686311
-983987
-577455
-505947
-888028
-751151
-561026
193440
691314
376544
-842744
628996
-107235
-154967
-22991
811143
441435
855532
-454222
-646785
176682
681405
-54808
-770135
-264492
-62121
278316
-711786
361748
782235
-171840
415027
806867
370212
784996
666227
-7925
779143
-758007
237467
919373
131628
320797
812585
-63267
-77885
122245
840802
193915
900710
-485847
-320137
491069
750025
910632
-185517
-188521
-158176
957229
-737788
30973
450446
244953
-746173
-128609
-533307
507488
-307294
699347
-10434
256432
393681
-368879
-770410
-266421
-928500
-529769
456068
290613
879269
749869
830451
561161
92585
169475
-346560
-118489
-859086
983734
994962
-33912
-897079
693105
459600
607538
357365
-298960
127299
180678
143588
275744
-76982
819895
-372043
535075
637876
-412907
493920
224751
546366
-265721
-471997
626518
-248920
-227368
509129
739872
838902
-304984
-288967
77716
413504
395587
-597735
523926
-851018
596494
991676
557546
-240332
-546019
-918929
-567658
-172930
-507806
623036
-129690
-738815
873817
-127095
-891451
403775
-648399
-839975
-63718
593816
-287604
-405960
821949
-48273
714333
863254
365375
-298912
228904
-593266
867092
374321
898830
700848
193195
-442904
746998
-382374
761646
15094
-309926
982079
457048
996625
449451
-750839
-478227
534047
-31262
140827
-418981
-107314
202276
824175
-356373
849728
840849
20255
43300
749156
90410
-897025
877500
-605600
734172
-946073
-53573
856874
756269
-654706
-982353
-314826
-110846
-788847
-674554
816458
-897013
683796
-317173
-371859
-503349
-121985
243328
-907011
-928569
-522646
-703020
-624928
337483
550675
815617
983763
384083
-265972
-359804
642014
-722915
4082
-332294
-899864
-167735
-411177
-656940
953958
584233
-383295
999991
758063
436011
420812
626675
-510868
607328
336490
977437
-233941
581416
9291
126282
-998254
-663044
182359
84075
225072
437976
-527400
79424
-721809
640707
-492363
425466
142758
499068
951897
561778
506571
207043
-856269
615039
288582
-177471
-498090
167927
-186784
-350188
899392
-525114
645210
828155
541495
228260
-317414
783003
768207
-895114
653312
-795924
-683639
292419
-317096
771523
-283370
-828207
848360
283004
225721
614363
-628568
618947
591306
609522
-838127
-596736
-618410
723310
-881522
-132131
39780
995086
-835697
-859532
801363
-592205
513213
726298
677214
129334
-574776
-203581
234690
-886175
-262437
-888560
843510
88337
87729
1788
-630631
893414
-327999
-481762
894570
338852
-155627
-426213
-893584
-492119
-601671
-643284
650298
885643
484302
-111928
-519871
521165
490686
249326
50025
-688578
442889
942993
299558
-813585
670398
-195553
195004
72783
-288378
432176
-573922
-515483
-106789
510792
-661640
717224
-486698
-716855
-650679
977662
-922075
23928
-652505
-787760
331419
702505
110246
792006
-825887
180234
275284
-483164
820554
119050
320347
-596160
-375227
712932
378570
173087
787819
-902068
666349
-298196
-308168
-322892
666328
723348
460247
440763
851459
613312
15382
-841421
852367
-890896
486777
74829
-992217
841841
727402
-564381
199681
-519301
889358
-922142
299268
-754775
-340430
-537773
-805628
580501
-704796
-47356
830504
176271
-196706
384471
-139923
420218
-383842
-866138
170051
950212
100305
-708014
992725
206336
-297875
268135
185190
-633694
445726
-298643
-22953
-813226
63576
677326
-60219
743421
86987
778463
-914609
-364219
-16011
215564
49013
493411
976081
79141
-506340
936432
-871123
822335
-813394
-468642
217241
993736
3806
-738539
423675
-713301
329097
-343250
-754112
775068
-669000
758986
-918739
-412288
-860862
534416
307795
-628996
469262
328771
274721
36889
894966
-452868
518931
741905
-660152
-136568
382217
605753
-13466
8544
290098
-753270
195981
900545
236327
414669
-349646
734824
-523116
115811
874888
992620
688145
-802898
788639
187575
304143
559136
-986202
360226
-709267
865118
16209
24749
842922
-610928
290133
196056
616629
-342840
-886384
199072
789601
822924
437063
14489
599668
-476030
995335
-569436
825182
-297417
-285524
881486
-722297
-569333
-311168
-272063
508733
212475
729720
-554275
-905201
514088
-718774
-900007
236821
271785
107250
540471
408864
548689
-258318
-227351
721729
-227217
-702415
-473624
919036
-334038
-541001
-525213
1931
885896
333829
-254444
-650549
739721
715407
163119
-368569
-351120
722263
197493
416352
352801
-295769
-85531
-56298
347813
-184853
993809
486773
-904117
-644824
868366
-841826
-458262
-9699
-571515
-212751
-433599
407541
-56218
-239276
880127
916901
528957
81187
278622
-402968
-532835
757300
815849
-317355
-224968
93445
-550049
821273
47504
385669
-669648
-715689
-880824
-413957
558500
-434535
279700
-451689
-338789
-882831
193487
-617581
-392465
434480
44844
973446
-29963
692162
246148
596037
242083
698661
253773
-758922
238027
992260
-411861
197170
477573
-200460
-165600
189142
-324948
502986
101216
-61337
-259330
518934
862528
528031
-788761
-907583
-637108
748568
758231
-867010
71287
-456172
-212529
-404496
520813
199911
-720772
522392
-512507
-994558
-367238
317305
224850
-519652
-368199
-115957
-26919
633086
-307331
-372777
-684836
-924820
-179585
362357
-459563
-383701
869425
-761056
-714114
144051
-900321
-279309
270605
800883
88433
-961085
988158
970812
-663667
437400
-747768
-514869
858073
-777016
516913
-889482
727454
515890
-529027
-592783
270600
-364396
756802
-919747
450378
-323574
-588521
-251729
611294
642340
662891
489625
362986
-605278
-750799
-454249
251966
-655410
355257
-570889
290938
-142858
-982758
-8250
-35635
-104443
127692
461299
-222376
-865858
171986
-228061
-800976
-567404
201364
-177776
779010
926760
-874805
936478
-804015
532703
-935787
-901380
-562852
-471265
344488
-14349
-934757
564007
-742493
-365489
828263
-629624
-792192
-569626
418745
-122428
-79322
-524983
898186
461570
311067
-621817
-829478
-602902
-905129
-937959
297549
484899
49715
547181
466543
387046
551168
398354
72856
-480961
-490059
329468
725995
678496
-830656
353397
465272
731298
724349
-948703
-952446
-736231
-796732
952876
50138
-525998
583453
234258
351594
-620372
403343
-882038
411214
764880
-905323
-73200
-564452
141262
527026
-99059
-188604
-109099
-577764
623270
-32365
923151
-503405
-601826
915154
803479
217173
488169
53387
-24424
234794
-132658
303083
-982909
921370
267191
496835
-273556
998207
-237544
999720
-233726
-159435
-291078
668987
508201
788525
648995
723843
-880586
-186079
214756
-402058
-795194
272162
-995713
984983
-538949
858701
-201422
848441
-438316
-324772
-299804
-96159
459496
621912
351211
-168759
-345793
-451348
387448
87553
347277
-996267
-848736
906416
-463860
905334
525191
-42887
357685
930057
-313429
127737
643354
647791
633930
-218900
-105373
871336
-176270
864239
-20893
781789
770083
-846368
26198
215066
-873054
311649
716985
564634
721885
52604
387910
-602821
407926
-340767
-210293
-912495
-610450
-622262
-898394
694038
673263
-317697
658079
-108929
562741
545781
-674590
-381782
99610
759442
-583337
-937421
36670
-98932
749984
-218971
-195888
754415
591086
-314803
366715
108093
-349440
939563
962415
816303
-941382
-939262
695050
-264934
-590882
160911
728867
-317331
-888087
113110
-590477
350679
-326900
737047
-978143
-945019
648006
612704
57833
-803447
-544102
-25028
-924952
793174
-113166
928137
-536058
414056
563344
676327
28672
358528
401453
364236
414608
-724979
-878544
-98123
-307396
-804826
98828
83191
703673
676276
631990
-450636
13049
650925
-605630
489192
-321832
-51973
-570727
-178781
142558
768251
-9255
988753
52274
-629087
-364599
201909
465692
-919240
684535
-827275
766517
-544953
991729
421582
-640082
18191
789148
-644121
173625
-857550
249908
-487100
-376425
385134
-783136
-297007
517695
-65658
247537
960158
-592344
897089
-261577
-49110
-279629
-620917
-557824
-742440
340024
-642758
-642258
475647
610988
142316
-602764
859421
-54036
-399348
-663763
321579
909480
-71181
235480
753163
471407
-689877
934836
315165
224594
270926
-900620
-884494
-924616
761869
-431200
857752
201406
-284724
-437240
83092
387400
463467
823524
-637714
318121
-283104
-975475
-661914
-341781
501504
422866
118596
-236997
378908
-970120
801613
-335500
-890168
-7982
-915246
495430
618615
300408
785378
133123
-692926
254375
786207
10502
5639
-814667
9646
-943168
457902
977455
-335928
921440
-563833
425617
498030
996126
-704561
-196447
534073
-829147
424914
377960
-586929
513051
-249046
544974
188146
244942
426533
943313
-519246
148860
-911163
981986
9795
474431
233824
213724
-160919
748179
103784
891041
153743
-708091
507973
-707757
-288136
937851
84958
-480724
-749940
-301158
-516297
761979
40660
887895
692405
270396
686337
190494
16252
-418990
-943065
860184
838009
-637597
730631
640669
-654084
-154160
-568311
-760266
769020
149711
101704
-467891
457727
-496856
-998968
625139
746129
173576
-986941
9422
-146703
400133
-675424
-294755
-88884
-490833
-165243
-446614
20129
-373937
-54781
779467
20291
-496961
736496
-290476
-577027
-85146
629587
54556
-535729
-215986
389239
-576406
-246697
-757789
-883934
-32003
-88501
266570
148704
-515211
-33885
-55845
401912
57569
936915
161981
239104
109414
-757322
299421
673804
-541048
-355322
525834
-340478
411032
966792
-944912
-291447
-950469
375493
986800
-922976
-454638
-792462
184024
-615477
-703477
301169
590340
-352921
404036
724464
-94768
-351457
601623
-296272
856312
-113545
938054
941536
-868081
-292858
255684
872743
-597031
225473
-676834
204225
81605
-638223
-769404
-981695
776458
-633018
543608
671220
4956
-473722
-67438
78438
-703285
-86690
194157
660094
-351815
-372391
-538190
-524732
832246
-43026
-511809
367939
793082
-843725
-210957
268682
499390
620976
3992
537420
-707401
-755249
-13074
239655
-553873
666607
-541872
372866
92482
981783
775813
168079
993715
154183
-830298
626928
728425
182635
972455
-543755
230473
27241
309763
-109692
-207183
-355879
-36472
6802
785997
171476
810428
914509
985498
-660507
485867
521180
-844811
497565
781774
130750
-1697
593219
842458
-466225
-132784
979111
477090
-100375
182708
-393577
-97303
641575
517382
603243
618312
860997
-38648
656187
618744
268835
-240356
398769
432829
-424856
-685886
461689
-62224
129860
626863
-107691
-456153
375245
122374
765900
269186
32651
-972490
-428286
-988779
772623
-739217
921891
971245
-263362
214209
979577
623553
869931
965588
111646
679223
794914
-319042
-290613
-530993
-512446
973956
-732978
-945680
-560446
-44624
798490
-357107
-767276
-277493
47992
-664844
130854
332024
-440612
-110413
-984059
-405523
885843
-25433
-717156
-7794
944663
-21726
3035
440168
-325435
-454088
428147
-644537
-21082
-991577
-257795
581428
655145
-8864
197946
-349938
971378
138038
583285
-8637
125067
400290
-320123
-214228
100664
-356048
-586769
225923
490217
590474
-982232
359297
-122423
220192
873079
834840
-903820
-496144
394617
748874
-134715
26871
186046
44709
-229044
-195916
-68335
-210981
226911
404181
310870
589826
-185272
-654847
-315253
-385820
-525668
707905
-843407
-828668
637227
-172149
277060
-123730
76435
236013
622629
713017
617455
-275629
-423015
-272547
-112851
-725003
-568406
-985941
436221
389855
-703189
-721107
764518
213022
-283495
-817638
-589326
-974716
420381
299190
468106
752793
709166
294852
991836
119070
729044
-682711
60152
-863297
699399
766623
-630021
381524
-25546
83474
-219678
689875
-860701
807450
-886912
-830890
-399637
322326
399626
30789
-98076
-22175
26832
96288
801439
385844
-632826
933996
138956
201624
-122687
-326985
-881603
-607354
-414595
-746936
669123
-488931
935258
-538776
-810956
718462
-249880
587847
-776177
-388153
912407
-458611
685238
475179
316881
438014
-814503
239531
389027
951497
-612236
-911373
546070
-759699
-112274
-977325
766364
-660023
-239262
95704
-330330
91582
-133765
918535
-646701
-577022
-320007
562485
-710846
-972412
235472
-650874
421384
82552
600687
427776
-783299
733310
-511458
-715573
-20431
514035
-774912
-684537
340284
884435
-988872
637258
-439373
-197432
-757464
-133195
198647
279764
-212267
313137
871335
-216808
848230
651211
472821
307263
-752692
530218
321302
161162
87291
343209
498899
-955272
-180651
484245
-821571
-440303
837672
458756
390397
378447
-662450
787024
334922
245802
-807949
963119
-296717
537150
-831756
-697488
461980
518428
85218
-962860
951045
-237270
401061
322951
-789882
166583
265533
-145734
-160361
-309473
145828
272094
-628213
-7657
-41904
-461314
847709
3094
-901804
-339655
-260957
-130463
-679002
194523
655775
-331471
-397957
389528
277749
743042
586447
211428
-843914
-816517
-590335
928242
-915686
-811275
753434
-153658
838157
563881
-85074
85625
893664
-317189
-394789
695305
-431264
478429
24942
-82470
-455804
945505
-946394
-585523
869759
-998945
-604656
-346884
-223114
919359
-968815
908943
951884
915172
-183294
202686
287256
342198
-44939
-879005
540472
-167607
-973930
348346
-483329
613167
703021
-967111
73098
-873513
-145984
604422
-669392
-897760
844630
-302950
-417001
-607362
998230
527472
752868
-304953
674061
-928919
-147702
710683
-983730
-763329
-981308
-457874
229043
-958300
-581603
465332
-744830
-30730
259500
-899161
145836
231329
72030
169784
-153489
441490
221675
187280
280986
-149292
-101013
749633
-431247
748489
-350335
-243314
237478
479237
-737355
-732205
356743
564426
-852768
826259
-190280
-554212
-578240
271900
-187499
-831871
-707412
557017
371641
-6569
178529
-445388
165661
-286127
-593542
-610011
643416
749071
-343682
-531364
731140
914906
-382829
-75001
-300479
-355847
-742575
-131776
-289325
296882
-252494
292246
575591
87648
-95835
-814537
-648845
-886738
-388543
-904009
-650949
488173
-164713
-671617
-179985
-77544
996128
-25643
-199183
318561
75221
969347
-82891
85879
-918690
-766425
399042
365911
-167710
317719
644949
-982708
-994307
966766
-11356
897157
-443440
-522953
-21440
-860207
677425
-837579
719635
368249
-190205
607181
-569335
421434
381345
206994
-755508
924765
-266252
-299414
-582361
-424971
309029
-365215
36236
33461
306667
-881654
318641
-563861
169861
740749
-988204
671261
-752956
960082
-216032
329534
669376
656713
-809688
-667379
358187
162771
-402929
-535925
341826
346064
226122
899351
386527
171974
-80258
-670041
618796
-147286
-460541
-405211
-413838
582095
-796790
-609436
966799
465384
131803
-386499
417542
-686277
918070
801994
892208
529253
-56770
-880239
952644
-429402
751328
526022
472580
-349870
916642
-788711
426057
400862
-524446
618679
-202122
245772
-667972
-391687
-12647
112134
250249
-936354
-180109
327580
306681
452122
626343
-327768
203593
861767
-643587
384659
-274912
549434
334932
493936
-193140
-989967
-715486
-413882
706964
767144
601513
-8085
828281
-8182
-452807
-601333
-790898
229893
643995
-816312
-175567
414262
-463711
-241541
-368411
307844
475848
495385
555149
-322744
836359
-25934
716743
113578
291767
-19054
371299
834183
-783074
-46070
-158337
929678
969497
-965559
-778560
-657814
-532506
737507
-8401
199449
805132
427892
-30291
-669732
363239
750686
-44651
-39353
713811
-309587
-349587
-126088
-700683
780444
787783
540132
304801
-737615
-926150
-603187
139371
377859
18424
-494896
930253
753564
801420
-346854
969714
-471943
-348237
-428613
232733
939182
-333740
273298
837817
118310
880284
-533400
851837
917384
878266
-756966
-764229
635190
726836
315757
108358
704751
-713372
-723322
-816898
-721132
-65389
-662415
-386310
190472
-995919
257247
-691504
-537296
-683218
270701
-553597
575130
82295
-628065
-654582
-799430
-835696
805483
504569
892622
-854966
-416782
-775346
173027
841890
-213687
258267
796914
-358090
-734602
890827
521506
-920860
226423
342098
-961871
567553
-679301
947061
387309
633011
-417100
-857613
-150052
-631444
241604
-626865
-700933
299907
-660268
180219
-7260
-328591
771780
-636894
210568
-865116
922620
-454382
91612
633987
508385
783685
782481
-338561
-925212
311307
383675
-644014
-964684
-319915
348691
-940968
245524
-606176
228632
-689786
561862
-687109
-201264
330123
121127
866103
407340
-77823
-36396
194347
-396151
152144
689546
-355551
163795
596512
-242292
-167455
153796
-90120
-955459
519511
837706
-460168
677965
92899
-302329
-261841
948496
439485
-331406
159770
-206870
163715
721306
545082
-121753
-874783
-672501
-687535
-922521
555356
-353207
-205384
-305162
-232133
360313
-882720
315194
-104430
-728673
-878237
-90107
-52756
-462462
-961978
959243
-541420
669356
718030
-884051
737408
-856306
-992773
-669324
-85413
929856
-355547
106393
-495826
584805
628530
-720960
988074
-665811
-745102
-140474
-154476
148212
-622441
-559697
-521651
-191224
919252
-131902
-982275
86407
-388976
-858447
-126756
829671
102471
-99345
672413
-296816
-381314
-849114
-108169
-848604
845921
-932799
255952
-157474
257786
-117980
5001
-252648
-889712
851708
807648
868838
445210
-420944
-957946
915296
904030
-934666
791998
784894
-529493
-939133
312878
-713445
812079
-89126
-20538
774684
459382
-7098
-343734
977578
-318464
-207389
119293
-664550
-899331
697046
-532628
337006
-104537
-458084
-995116
959733
-540356
-458624
52401
-981491
903447
-838618
-39196
380041
23530
368837
542847
-585427
-337382
-72206
-662736
805846
-331209
32535
-586039
872759
-30953
-485118
282088
96446
742670
798745
301384
648981
-652469
287276
54818
580
737874
466787
92993
669299
-253807
929622
473121
557645
813218
-354116
301763
-753919
503068
-808134
-773232
-268190
540310
-6563
525799
-807122
922041
-833629
-598587
117228
-659071
-743244
-673008
-373010
130704
171822
-593920
-27786
321455
-777826
-280533
686581
949602
608394
641323
468591
-569562
283690
-47507
892154
-844855
-483784
829081
297700
-170906
365021
-469351
-108428
886012
-341814
323912
-324279
-196310
735976
875705
940000
298762
-408025
329121
176177
26279
653299
25186
762104
616348
-875835
-796875
63761
-763574
689622
-625166
-755460
-424011
263278
319103
-858495
172028
-491430
136531
-893715
729587
-673285
-588122
532218
-381089
158843
619063
10572
622669
379931
108217
334616
286095
170280
-313893
979679
693716
131469
990963
-216872
-8989
809601
776262
478444
658804
501344
165878
281051
-984277
837400
-176504
-535684
378033
675386
471569
226721
-442511
171440
186110
427545
-245908
625038
-790788
448847
-17478
801281
397066
310799
-270306
-42652
-507239
216937
226372
-510735
777052
548910
-194279
24340
-236750
-154985
238407
950619
-487378
170758
-932660
-232054
836287
-75036
-490698
122572
311681
-973015
770429
-966909
-965985
838265
-734979
-1600
-212766
-557076
416782
231758
-528933
121062
722625
-428183
995241
906277
687674
-448500
-867352
-726566
-432731
-191768
683190
496238
-939306
-632080
-850205
587621
95745
879377
969908
612192
-575086
-271104
265300
872508
710187
-571861
530776
67800
756536
-799535
153453
-693643
-918225
-100435
-741215
-827466
-288919
822989
21578
82374
369560
310786
-960361
981144
-267291
278640
-375375
-82870
447783
319429
-994163
54563
-90943
851463
830673
334907
-594408
-904187
-219936
-399430
-373713
-668561
-747644
914872
-145566
535810
-100681
-897852
-812100
-640933
-121970
-705664
-826251
-916115
-693437
359785
665099
-86898
66141
594997
-559621
397739
-796802
549845
254748
-923876
-255543
-324582
85529
258323
983405
809844
97417
381741
203347
635477
-555219
825003
-294176
987444
696133
598842
835047
-148947
80783
405614
-524625
528069
-118819
548046
-14053
-834100
-587439
-11640
784892
-940965
732344
641861
248816
-203267
-488575
-616553
-811148
878570
-589479
-725745
-218098
-759058
-78876
-163220
-138224
-716951
241817
251629
-297975
208367
-709062
633160
-402738
969487
320751
-94029
801184
-107855
245758
-568289
-970502
-866407
-497111
-857980
-585734
533640
-546779
-716969
150761
-173183
-585294
-244967
226025
-451927
-846245
-482551
-843334
-743352
-2996
-553862
188200
848108
-250293
27071
-874091
322732
-95275
257858
-262369
607754
189398
-307020
706029
-689166
619139
-179746
-705765
-491041
-51880
-190953
-561216
430749
114729
991310
384536
764713
-141593
-291001
-433453
-173900
-677134
-293277
-121863
-929850
745749
-343529
-160776
891264
676643
435583
-632245
-908038
463019
709899
42953
-720822
-653862
-272041
604424
970150
127598
-211047
447724
-947423
-383149
-631628
-563377
743441
-65700
-59031
657998
-60782
-467681
596653
341294
-847581
595181
349077
-819990
810861
246508
430445
656346
540452
925779
547817
-706559
-59386
346946
-711181
217843
-30207
354492
393123
795361
803185
-366526
-191155
473539
-443257
-677747
-910157
-24416
-409147
-193049
-746149
-137219
-241627
-107610
460540
339168
708186
762438
-196718
288255
-189266
751394
64273
-41206
-633078
-812081
306613
-175086
-244332
379285
839672
-378859
779251
-868213
741789
-250329
-439378
-489778
778602
507453
-68302
271709
659059
602521
843250
-669164
852112
561614
-695255
-913468
-737552
-496273
59579
556011
380871
418776
-568903
-323563
-234333
-943592
-789629
806478
498652
821882
18568
-204094
659626
828462
-253015
75252
192849
-636647
-436548
936471
-334345
179382
62509
24972
236694
390951
806206
-985095
-77428
-784164
991086
47874
-971825
89310
-314632
1831
205375
-97735
-303246
-838086
-600940
-746236
627990
665723
194038
-249458
68126
520018
55340
-83673
245832
180904
-172692
134664
-542983
918498
53328
555104
73598
832762
829290
570108
-568595
-870084
-847378
-529263
-85590
323227
854670
364329
-47098
-278867
553443
158760
15105
785482
361478
-772485
-400976
-468676
-950209
-392228
-46534
-893789
-914603
951363
-490372
-273560
-159100
176236
30797
331868
-737139
-213759
743003
-959508
174439
-694811
131380
-2941
-273901
-980579
-643076
619917
-246438
-93012
-265278
843998
374311
-426365
-15865
435791
-71253
-139019
-118883
508984
380377
-520076
-892426
-149439
533774
-902351
-437509
572833
820316
-536601
795006
977357
922105
316916
149716
365383
-229464
-721285
127063
-957042
923644
-602119
956034
369095
906171
-567034
662047
319370
-936483
-947158
-425577
-955579
709300
-944294
732137
-594735
247205
840462
-557898
-855665
-493292
-389376
487928
-746690
461022
-459774
586707
-987939
-920193
-241540
-225404
148535
389461
67202
581110
684432
971900
-102130
-476429
-141078
-258217
-631329
-404361
-207116
-983888
275693
795680
8976
695415
-36217
696002
-90880
272679
-209269
954008
-449876
-124730
-834366
-920939
73490
438283
-866091
427736
-523702
797465
-797456
761789
-237643
356586
-411278
-650096
939458
-388409
431694
-567588
341340
-946957
-361599
977890
508404
-293784
-274384
-989531
-174810
21049
-984611
961826
-907382
182422
177093
266397
-366054
-210962
-972710
-812649
-149445
413487
-442792
906716
-706582
996265
891398
-66504
-949756
-600304
899852
447434
760113
-49248
-543125
-99984
700270
-3621
-912228
550754
263478
-199442
575177
635867
215373
-874574
989602
718705
186281
801997
-936610
572038
519421
147577
26063
-996265
-609437
154845
808607
227505
-807131
-592105
166316
-62396
175144
-329765
661246
-240
116853
829877
-325279
-280580
-846747
228202
555428
162949
-62615
548477
328940
-778221
725875
-139059
-517067
-544152
642949
-598181
826983
580913
-633004
-658902
-788335
365503
923544
-831169
-31292
-512945
-773261
862280
622222
-581755
-573317
39769
-128750
722808
635110
-376239
-64191
-955674
-834351
-264485
-572489
927624
-117715
969232
353460
856321
-445242
381626
822837
26480
892529
-420172
965166
-385884
-621102
-130067
381543
506991
-268728
-97909
-909840
-195565
832501
868140
578754
-338342
-102035
-434361
-435468
86210
818554
-259407
-525673
973908
-875255
-324164
-167890
-841963
-330186
219898
340301
271126
368367
138783
-6580
-64986
-940217
-908924
-582616
-270040
509657
913224
-524808
-286593
502615
-379375
-275193
109733
-345554
962672
781714
66779
349272
197219
-455393
-613381
-994627
-629005
-196104
251881
485830
-369922
965699
-719832
513
-521073
572607
-3831
49514
-526103
-537827
-821635
-613924
-967901
504568
438412
64916
459117
169715
118495
-199715
-838288
-180754
559863
934238
-429484
685412
-417408
-458372
-430501
571877
848192
-187411
921130
903082
908074
222427
-659672
-918950
-560369
-493520
-746113
-746152
283636
902532
981952
-909753
-563202
68897
-212957
-986469
-708470
-516817
-945173
-601123
-48551
-101887
986472
997243
-491928
-879878
694422
-175287
450910
160285
410595
858392
-339041
-150991
985998
655089
-466818
558477
-955733
-272145
-553073
-247291
-465469
90038
-457446
575729
27544
-601837
-394837
617302
-777722
-795086
260038
320180
-45052
-546570
-8393
892524
-315062
590713
-592504
290379
395789
-579552
-374772
867255
966886
41433
-503271
536820
-870192
-594060
652371
898964
248528
762651
-31070
-734599
-874961
-420881
429637
774536
-375837
-124735
371840
8044
55308
-382614
-848783
921732
235418
-850872
136193
-139926
-738549
968021
402294
-263775
-242606
67685
761636
546778
947027
-282756
-412733
-205853
-936949
-850999
-451364
992045
-494899
426947
394590
357880
-901081
-67489
-174899
-608867
-189853
-418709
-820582
-761608
-723159
-653814
-603635
327408
-141886
106445
-659746
-356188
-800521
694890
519268
828723
-409320
-202725
-152475
966440
167832
114709
-366708
987137
-987562
-638173
291576
-201254
737527
880479
-88847
-891461
-354450
-582899
-111819
65914
89501
-229740
252529
-17330
533269
-336998
59083
-727182
497146
655547
489884
684530
55682
637413
650043
643606
-173412
351570
910324
609000
-431187
-765789
820888
3682
417397
11926
-224466
-712263
-666224
-249116
-655673
-11456
756121
560698
630511
76923
-279319
-918959
887231
-894399
888701
-130132
-372080
900364
-76427
908526
-467766
-841503
-686407
589269
-251686
-554154
-838090
344279
-559166
-724027
564806
-36521
-549686
517644
-542930
365828
879316
836989
664513
-669489
-498099
-792343
346017
-463610
108096
-278332
-97883
251282
563972
930933
-731946
-512055
623894
-540611
-65772
569841
590593
-289599
-380458
-716462
-905991
68405
822287
-403849
272008
192423
-325973
-456959
-170272
66150
285240
-695513
-790321
866957
823330
805325
-496560
-366161
869911
773824
885053
-1632
684937
-855796
-93790
-533026
126033
912250
713774
988059
-350607
-764630
-996669
-370840
330098
975944
-154836
869759
-731284
-830610
-569874
686893
-804956
-716266
-126921
534234
-779313
985658
837491
19254
-554635
608650
-815746
-982014
279537
-944055
624884
470777
578325
-711227
-900061
-403239
-786838
515953
-720350
544273
912661
-254559
777083
-967416
-144812
-122527
-79741
-211961
146344
916849
449995
62277
-885235
-612383
572591
-429298
-170779
907973
-567669
-143089
458355
-27754
526862
274112
530434
-188379
-195418
-19730
198950
-262340
115483
140516
395418
111827
23608
963381
881096
-694548
673827
161449
29672
-391796
-572338
124226
614592
-238506
41862
824554
-387831
-825531
-201431
452282
-321806
978181
800245
574697
-493250
731375
-307077
-384945
813576
631072
921138
235797
-722393
-388556
71463
-592516
253996
-192732
123346
902854
431240
732858
105477
470212
-925749
-723156
369789
-489091
-704889
212701
499227
811384
-582189
-320212
-515028
-520665
-671509
-392714
-99100
-49424
-563339
522159
948842
397144
568158
687000
19085
447054
413923
-4707
-777068
730258
-145492
259663
22450
114112
909330
805753
-764648
282237
876161
247777
226085
-226755
623353
-71139
841401
705198
-52178
-955890
50087
477636
514768
-113666
761160
-584606
75621
877778
690220
582306
-667567
-913812
707180
147265
249464
360863
-957797
-88278
651386
892239
-904357
176797
-819171
-759515
-266613
782972
-623671
-712723
-548706
-404942
140460
-615540
-329081
633920
499070
-311519
350928
-228890
246750
-177482
-804917
990698
-460325
-920797
273503
-61561
689552
462591
419076
683509
655207
574788
604873
-637551
193534
42622
325010
-735958
-866522
-158160
-952224
-377113
471559
-868796
-587447
517464
-46110
185388
-410874
-68329
-122641
104217
746283
189595
-758555
770391
-308623
509593
709144
-848957
-249297
-16490
-21316
476778
-571544
-450162
648647
-956864
-950915
683194
574709
947962
-824189
-221182
-879899
710920
493743
-111745
479841
30514
226158
-425813
600763
-452146
634898
-835672
-411822
-851685
-615898
461993
-564172
552254
199138
-358271
366429
102870
448698
-699578
-279010
39998
276496
533410
990233
487390
-836597
509878
558313
-418130
907647
-669398
-643106
-511671
737419
639573
-431387
-894678
494018
448774
-89977
560261
-291455
76909
-198520
665668
-270752
-178135
-979537
501404
202052
-610577
361382
119244
634000
-859693
439287
636530
-789253
540087
-524874
-480502
834941
-34739
-285378
722051
336739
-236598
458387
-323072
591618
318505
-576025
743592
870920
34072
97208
-992214
99309
819843
-558058
-932656
-644855
743484
149890
308799
-391360
386628
-166414
403529
84440
-917191
-830862
795503
-91029
158811
-806556
-710922
-296712
668732
738664
-578012
-556397
674820
390742
-339689
638653
73182
-360216
922179
-712882
-942461
543605
809350
-267506
687969
55768
-473110
-427804
-870681
-273041
872182
635302
-936720
-945216
-302031
525711
-249911
133045
-192076
425422
386657
679304
136811
-994757
302988
841786
229480
-89692
-208780
-930628
487011
250054
-280804
-748495
659282
-551592
932498
67915
148641
124096
-818127
-257710
-334449
